id,rating
40261,4
46176,1
47942,4
37329,2
13503,5
41006,5
42233,5
21180,3
20621,2
28630,5
46078,1
31648,4
22909,2
20379,3
26487,1
24717,1
5927,1
28189,1
47058,3
48908,5
29349,4
25503,4
45635,3
50362,5
6675,4
46517,5
4016,5
12672,1
16663,5
35604,5
15820,1
5009,1
42444,5
20397,1
19983,4
38286,1
45858,1
19689,2
7267,1
37767,3
43620,2
6195,3
29544,3
39688,3
24738,2
27226,5
13665,5
27300,4
24466,5
73,1
37174,1
43494,1
9744,2
43196,3
21218,3
9223,5
44016,2
50335,5
3426,2
8406,3
20989,4
26384,1
15818,1
50645,1
23632,5
27744,1
21945,4
16751,5
26624,1
10934,1
24105,5
3774,5
22811,5
23635,5
29509,2
263,2
12144,2
43691,1
32183,4
42485,5
23840,1
7609,5
49138,4
44320,1
6373,1
25661,3
50750,5
48661,3
17331,1
37943,1
19996,2
16497,5
44072,3
43869,1
20088,5
3801,5
41342,4
17814,3
47550,1
21202,4
33985,5
23187,5
18898,3
21568,4
41368,4
7073,5
13120,5
11374,3
50374,4
17684,2
14641,3
45956,1
28601,2
38434,4
8631,5
26083,1
18513,1
12705,5
2262,4
7827,3
482,1
17288,4
11855,2
8355,5
3834,5
16747,5
24249,1
42645,5
42686,5
16715,3
5661,5
42722,5
45277,5
35171,5
15252,1
23862,1
17542,5
44708,3
21866,3
27224,2
32403,3
22151,5
43720,1
35103,5
39269,3
8275,3
45914,1
7957,4
50028,3
23034,4
41614,3
46658,4
37308,3
1455,1
7086,2
15118,1
49759,4
1689,5
42476,5
38031,1
44808,5
3695,5
8266,3
21486,5
37544,5
23515,5
25127,1
4378,5
38061,4
4565,1
23391,5
36316,2
37274,1
20156,3
1462,3
38073,5
35390,1
44526,1
36231,1
6896,4
42064,5
42473,5
10655,1
5980,1
21829,3
42272,5
3943,2
51083,5
21116,2
10741,1
20444,5
36837,1
2525,1
23502,5
7223,4
25658,1
18170,1
8123,3
44298,4
39058,3
45926,1
5069,1
16526,5
13001,4
42088,5
47501,3
41090,3
49514,4
38262,4
22714,3
22837,5
29307,5
23765,1
51205,5
29811,3
26805,1
27703,3
42226,5
28324,2
12839,5
1667,1
13500,5
3918,5
391,1
16450,5
41712,5
26319,3
2172,1
8350,5
50457,1
50688,5
45969,1
47896,2
21189,5
41725,1
35642,5
50867,5
48659,5
50124,5
10052,1
1406,2
4261,5
25217,1
45964,1
33753,5
17727,1
4532,1
5680,1
43830,5
6897,3
34855,5
49459,4
2149,4
2674,5
7220,1
23553,3
30946,1
41475,5
34191,1
46315,2
51141,5
27809,3
1471,1
668,1
1655,4
29829,3
18540,1
42093,5
26034,1
5960,1
43055,5
14814,1
25146,3
38726,3
32439,5
49766,4
24678,1
43604,3
13833,5
38972,3
10011,1
21358,5
39287,4
50628,5
34108,5
35392,3
8238,3
17572,5
49202,1
43244,1
40249,3
48856,1
28948,1
7155,3
44541,4
10114,1
31194,3
42190,4
22897,5
15751,2
43690,2
35601,5
12115,2
25352,1
25942,1
33268,4
40562,4
37721,1
23356,5
10496,2
15813,3
39397,3
40913,4
24419,4
38530,2
7618,3
48435,4
1433,1
29174,4
16750,3
28732,4
19846,4
6807,5
30107,2
8951,5
11987,2
1936,4
20261,5
46463,1
16023,3
1706,5
12984,5
22621,5
39451,4
1129,1
23346,5
45460,1
11392,1
43437,5
10103,1
39334,1
46371,1
45079,5
1439,2
42117,4
15437,1
45027,5
35839,3
45605,2
48128,4
15766,3
8946,1
18385,1
47374,4
26588,4
44190,2
24028,1
3924,5
50263,5
15088,2
727,3
19705,1
17185,5
46889,2
12700,3
19437,1
16409,5
44930,5
25457,5
50292,5
864,5
17841,2
36026,5
39703,1
6163,1
22886,5
17366,4
19233,3
11423,3
15440,5
17000,5
32840,5
19449,1
47797,2
28996,3
7121,4
31571,4
28398,4
15833,1
20522,5
42888,5
8176,1
6513,1
7865,5
22634,4
25602,4
36684,3
16285,5
46831,1
31834,5
51087,5
18026,3
18836,1
43142,2
13926,5
26748,3
43496,1
51196,5
17681,1
45857,2
35374,5
42192,5
34838,5
6289,2
13442,5
17156,5
11867,5
30270,1
32468,4
4057,5
11021,4
318,1
4002,3
11393,3
50775,5
20638,3
5533,1
7729,3
6599,4
17801,1
34857,5
27123,1
28545,1
35129,4
45199,5
46857,1
12114,5
26010,1
26307,3
35731,5
31740,4
29373,4
45786,3
5902,3
47590,3
4887,1
38828,5
9313,5
50247,3
21630,3
9973,1
7417,4
31610,4
38329,3
36953,1
45905,1
23548,5
10173,1
31085,4
15645,1
43401,3
3493,4
50222,5
29087,4
9877,1
27636,1
28435,3
33927,5
40203,1
9231,1
6284,5
46275,2
40229,3
25972,1
30114,4
45712,5
14026,2
36254,3
9555,5
33515,5
9168,5
23430,3
49886,5
16540,3
11890,1
30447,3
44442,1
36414,1
2700,3
8628,5
22108,2
12871,5
8076,5
31281,3
22300,4
970,1
41829,5
38867,2
22827,5
20185,1
15466,1
44230,4
35683,5
6619,3
5075,2
17630,1
8089,4
47962,5
47414,2
44966,2
26809,1
40061,5
14575,1
14109,1
50947,5
33579,2
10984,1
48424,1
45484,5
43627,3
25326,2
4244,5
7019,3
36714,3
28490,3
49626,5
34147,5
3982,5
51233,5
9507,5
45202,1
39401,4
7295,5
33604,3
21374,5
36196,1
6679,3
51192,5
39187,4
40593,5
25731,1
43205,1
42234,5
28161,2
49926,3
49352,4
23416,5
14594,2
48683,4
21511,4
49765,5
21353,5
11291,1
8706,4
47760,3
8549,4
33133,3
30641,4
40566,4
50305,5
44941,4
37698,3
42308,5
22055,4
32351,1
18264,2
7834,4
21289,3
28978,3
34061,5
28983,3
24770,1
20496,1
13834,5
4733,1
35639,5
8784,5
48428,3
10213,5
42603,5
27741,1
35101,4
22392,4
37093,1
39852,3
29338,4
35045,5
16527,5
29291,4
13893,5
18013,2
37510,3
207,1
455,1
21421,4
29842,1
19108,1
41448,4
6659,3
49125,5
33530,5
29965,2
48327,1
19919,2
10981,1
49060,5
32726,2
39803,3
1414,1
32302,3
11022,4
31666,4
47355,1
25873,1
41811,5
346,2
15865,1
19464,3
10873,1
18243,1
5943,4
10634,1
19030,3
18775,1
3755,5
22869,5
8088,1
39939,1
20102,5
23878,1
18224,1
2273,1
32661,3
1904,4
26540,3
27593,4
14568,1
47709,3
42135,5
48953,5
50130,5
25398,2
23843,1
48613,3
9312,5
6038,5
17733,2
35517,2
42223,4
1226,1
2421,4
31479,5
37872,5
26078,1
47203,5
22124,1
14995,3
32440,1
13804,5
4343,5
23303,5
1045,5
40787,5
12652,3
38491,4
38898,3
50800,5
24829,1
3125,5
9800,1
16012,4
6714,3
10428,5
20847,4
23461,5
5731,1
286,1
40078,4
43081,5
21601,5
6407,5
9939,1
27730,1
20930,1
35127,5
25994,1
12150,3
1839,4
24849,2
16872,4
3348,1
46942,1
12894,5
45274,5
48372,3
40192,5
22228,3
12457,1
7792,5
33248,5
45985,1
24956,2
8543,1
23525,5
3514,5
6554,4
32872,5
37119,1
7679,5
22856,5
44155,4
47685,1
11062,2
12753,2
18855,1
34417,4
10499,1
48817,3
46177,1
49951,3
15453,4
43711,1
27940,1
7539,3
50465,5
46521,1
28860,5
34625,5
48243,1
25964,1
25562,1
21565,5
1404,2
12357,5
33884,5
44066,3
35794,5
38993,5
48323,1
13945,1
2403,5
13373,5
39753,5
40785,4
28167,2
10153,1
48848,5
17772,5
14202,2
23555,5
29019,5
41066,3
48789,1
4327,5
32455,3
3371,2
47474,3
3025,1
1061,5
10288,1
16717,4
43732,1
25311,1
49026,4
1591,1
39221,3
34235,5
31981,4
35307,5
2400,3
28664,2
46516,3
12942,5
48545,4
30408,2
646,2
50402,5
5535,1
18179,1
13812,5
46737,3
25179,2
18299,2
594,1
35222,5
40067,2
48795,3
29523,4
36758,1
14659,1
49030,4
41365,5
13462,5
25243,1
17098,5
31654,5
50648,5
16295,1
7054,5
22303,3
28376,2
31454,5
16433,5
38051,2
25152,2
41483,4
41099,5
37217,5
28606,2
38437,1
7529,5
25249,1
633,1
42547,4
3318,5
4406,1
36420,1
46483,1
31845,4
45041,5
43629,3
42718,5
4021,5
34430,5
48871,4
17700,2
10522,2
22609,5
25097,1
45848,1
28790,1
23268,5
47753,3
21340,4
15762,5
26153,5
503,1
4479,1
601,1
47493,4
28603,2
36011,1
30522,3
7394,3
12301,4
38173,1
49999,5
49203,4
8427,3
45638,2
38135,1
40804,1
39489,4
29926,2
13731,5
28557,3
3284,5
35956,5
47092,5
50534,5
28169,2
36028,1
33914,5
49321,5
13344,5
2417,2
40544,5
45581,1
12281,5
23546,5
14528,1
44535,5
10166,5
4979,2
12908,4
49896,1
26163,5
13609,1
12817,3
40026,4
28854,2
42678,5
6037,3
17878,1
32276,5
48950,5
22802,5
24115,5
28380,1
36370,1
10978,4
17862,1
6523,1
29503,1
2695,2
35790,5
4984,3
44362,3
11619,5
4293,5
28198,3
8289,5
49110,3
28006,2
10884,1
3995,5
44242,3
41496,5
17631,1
27130,2
36604,1
24780,2
44965,3
36162,2
21104,5
22905,5
29695,1
26197,2
31833,5
4127,5
660,1
6749,2
24004,2
1376,2
1822,4
27688,1
19847,1
11791,4
21487,4
7119,5
9166,5
7022,5
23778,2
6,1
42105,5
15867,1
50626,5
18908,1
1634,1
44121,1
6666,3
37515,1
30517,5
42241,5
14771,1
31746,5
4878,1
40723,4
44587,5
10150,1
26882,2
36730,2
8542,5
9827,1
2991,3
51229,1
7844,3
24994,2
2895,3
36943,1
30383,4
45204,5
39349,3
6899,5
21008,4
51246,5
42402,5
32330,3
13395,5
40132,1
27726,1
51173,3
37134,3
28332,2
14215,3
28175,1
15930,2
23826,1
50382,1
20068,1
8161,4
16303,2
22148,4
41981,5
50770,5
42673,5
40946,5
50056,5
39880,4
1378,1
50326,5
32992,5
10387,2
49912,2
40044,4
33181,4
39345,3
42231,5
44911,5
42825,5
41300,5
5574,1
21456,2
33896,5
47561,3
50385,5
33346,4
14131,2
41595,1
3393,5
51114,1
42699,5
41143,5
17167,5
29671,2
42126,5
22570,4
36131,1
38069,5
35137,3
3972,4
18666,1
33648,1
22464,5
31729,5
15843,4
28326,1
13380,5
9150,5
50044,3
46591,2
17866,2
46653,3
43329,3
29026,5
14655,3
25012,1
34604,5
9209,5
22296,5
43050,5
1604,2
30153,1
23917,5
39983,3
24823,2
43634,1
15793,3
2007,3
42005,5
19984,3
23724,1
3551,5
8551,5
14020,2
38723,3
15398,3
17100,5
5707,4
42587,5
9087,5
5784,1
6157,3
7592,4
1956,5
14658,1
49142,3
28141,5
7528,3
35012,5
41905,5
12818,5
47424,1
36864,1
46004,2
32473,5
1508,5
282,1
32385,5
43937,1
18983,2
37540,2
994,3
35314,5
24822,1
11755,5
26712,1
36178,3
24889,3
46668,2
49570,4
44770,3
26174,1
32346,1
18594,1
43091,4
9789,1
21398,3
36084,2
26375,1
39556,5
45998,1
2905,3
27589,1
33047,5
51148,3
48981,3
40031,1
41822,5
37854,1
28636,2
38467,1
41643,3
27026,2
41389,5
39905,4
27340,1
30032,1
40538,5
2431,1
40412,4
7789,2
44591,5
24178,2
48056,4
12154,2
24833,3
23175,5
15222,1
9371,5
49458,5
4224,5
75,1
35868,5
34475,5
18460,1
3920,5
9467,5
48373,4
50509,5
34377,5
29081,2
8335,4
36408,3
17954,1
38352,4
6894,3
10020,2
19388,1
20257,1
39736,4
21209,1
10918,3
43974,1
16779,5
35490,3
38669,1
20748,5
6511,5
26113,3
22958,5
22024,5
4458,1
49659,5
44609,2
13020,5
11464,1
17358,3
24524,1
19353,3
12007,3
22695,5
32664,3
11614,4
19176,3
1826,4
29059,5
3556,5
9755,1
9731,3
9288,5
26650,5
32017,5
30515,1
12626,4
45185,5
148,1
17844,1
25479,1
1132,1
18909,4
9013,5
22613,4
28617,3
18334,3
16571,5
33590,5
39884,5
25130,1
44771,4
28665,3
272,1
1688,3
34659,5
37270,1
44690,5
1443,3
31990,3
50792,3
40427,5
43260,1
7526,5
15036,5
13048,5
45556,1
19336,2
34663,5
46184,2
23320,5
26830,1
17912,4
39729,3
36846,1
15525,4
9537,5
37066,2
65,1
47700,1
49911,4
47173,1
25351,1
7562,5
11900,4
39395,3
47923,5
49200,5
15173,3
36632,1
50905,5
29279,3
1752,5
26848,1
16890,5
17918,1
41369,3
30303,1
44869,5
47120,2
11518,3
21763,3
30439,4
10060,2
14450,1
38559,1
33976,5
32459,3
8638,1
19292,1
7410,3
16608,4
4632,3
11840,1
42169,5
7221,1
23395,5
12849,5
35576,4
38175,5
16339,3
19729,1
831,1
33145,4
46738,1
11332,2
7870,4
30049,1
9653,3
33872,5
11221,4
43512,1
7437,3
25193,1
36384,1
540,1
17549,5
26120,1
49961,5
45741,5
7013,3
48271,5
31110,2
14996,1
19290,1
42249,5
3047,1
14023,1
19220,1
6643,1
16495,3
39822,1
40594,5
26854,4
19244,2
21894,3
42621,4
46414,1
49264,1
47165,1
47676,2
341,1
17943,1
33253,5
26500,5
27576,2
13406,5
48573,3
21242,1
39008,2
40601,1
14949,2
30345,1
2171,4
19685,1
29531,3
3936,5
28378,3
33052,1
35128,5
50259,5
29967,5
31788,5
48971,3
24405,4
44957,4
13987,1
10066,1
35575,5
2543,3
50371,5
38026,5
4408,3
5828,1
18363,1
21752,4
23020,4
2698,3
38022,1
50888,5
28235,2
22677,5
717,1
45139,4
31297,3
43548,1
25678,1
44851,1
31029,4
50566,5
18588,3
26234,5
47106,2
45412,1
50306,5
42373,5
16812,5
413,5
30997,1
22707,5
35959,1
25303,3
24687,1
2679,5
19362,4
12453,5
45977,3
9305,5
5433,2
5750,3
14046,1
23378,5
16680,2
1027,3
4788,1
36424,1
14124,1
45526,1
5472,3
7980,5
48484,1
27920,4
3008,5
46763,1
3415,5
3765,3
28019,1
203,1
2605,1
36702,5
40975,5
5643,2
13165,5
16278,5
48369,4
12098,3
33683,3
36126,3
50563,5
1166,2
11764,3
23476,4
32118,4
44217,3
42204,1
1645,1
16118,2
12666,5
42648,4
24434,5
6932,3
40168,2
13676,5
49800,4
41025,5
32767,4
48189,1
17,4
41456,3
39448,4
20184,1
24651,1
44047,1
37027,1
16754,1
14679,2
38854,4
2550,5
2812,5
26235,1
49078,5
28743,3
26600,1
43549,1
48895,3
38583,5
40474,1
15687,3
27482,1
50719,5
47395,1
7357,3
40764,5
2945,5
7515,3
27664,1
1774,3
37260,2
13519,5
3787,4
18311,1
43872,1
24460,5
31094,4
17197,5
9199,5
17378,5
33532,5
28984,3
981,1
41873,5
7350,1
9478,5
9540,5
25943,3
14289,1
39426,4
17710,4
13402,1
43471,1
13484,5
36150,1
33602,4
14770,2
37838,3
24945,2
33842,5
29155,1
1476,2
46412,1
47513,2
37156,3
21489,5
22755,3
28094,2
48720,5
32085,4
30173,1
48447,1
28371,2
13387,5
32951,2
44555,1
16927,5
32201,5
11738,1
47190,2
46265,1
1059,1
50803,2
23660,5
13376,5
2060,3
2396,3
8004,5
40357,5
23670,5
48264,4
191,1
46449,5
46243,1
19989,1
9654,5
23142,5
38362,2
16129,5
34152,5
8759,4
36773,3
39464,2
15292,1
26483,1
27017,4
47286,4
14068,1
20982,3
28439,3
26362,1
17544,5
42103,5
28144,2
38452,4
15342,1
29595,2
31280,2
46381,1
16095,1
12219,3
48266,2
19662,1
9163,5
37389,1
26821,1
134,1
30696,3
36518,1
1539,5
31346,2
4723,2
5117,3
20384,4
20087,5
8711,5
25588,1
12164,3
30185,1
5024,1
16342,1
25272,1
37972,3
50092,3
14176,1
38249,5
22814,5
18190,2
15599,5
44203,2
42811,5
38211,3
6463,4
6446,3
40171,3
28420,1
18430,1
27779,2
50686,5
47791,3
11691,3
1564,1
41458,1
1633,2
5459,1
48242,3
11173,1
47548,1
36961,1
49413,5
8239,3
7999,5
28768,3
7716,3
17520,5
7782,3
50814,4
14887,1
39648,3
2921,5
3727,5
44529,2
2642,4
8844,5
20587,4
36657,5
41901,4
34946,5
40707,3
47938,1
30463,5
38568,5
24324,3
15905,1
45751,1
26960,1
47375,1
4269,5
47667,4
11797,5
34190,5
40916,4
22215,3
17744,1
17215,5
32779,2
43070,5
49883,4
35607,5
17339,5
12803,5
32168,3
43429,1
23102,5
19263,1
7344,2
16052,1
13599,5
49497,4
8264,4
36969,5
46573,3
4763,1
50835,5
48489,5
15861,1
4542,1
7658,5
25250,3
8039,5
30602,5
29732,1
7025,3
43367,1
22272,4
32493,4
25518,1
33285,5
48830,3
27415,3
1534,3
13449,4
22317,5
45439,1
6156,3
3702,5
32974,5
28989,2
39024,2
700,1
32227,4
11690,1
46593,4
15612,1
25735,1
24754,5
29994,3
4375,1
29399,3
30530,1
10463,1
50051,5
46284,1
4440,5
4780,5
38794,1
16860,5
43804,3
36398,1
35333,5
14852,1
5611,2
23517,5
36389,3
5219,1
21822,1
38928,3
29379,2
14071,1
48363,5
50856,5
11112,5
26176,1
42836,5
20544,3
11730,4
25796,1
9510,5
49654,4
33106,5
31587,5
31305,3
8613,5
31815,5
25904,1
47412,3
33629,3
3004,4
15230,1
14936,2
23129,5
21877,5
5163,1
37489,1
19101,4
10909,1
47775,4
28323,3
34740,5
6742,3
18349,2
11643,1
42113,5
27178,1
42912,2
18250,1
29723,2
3750,5
48311,1
45569,1
48000,1
50245,1
11401,4
41550,5
7858,3
45105,3
41789,1
37074,1
48834,3
31789,4
10087,3
2473,2
35742,3
37413,1
1274,4
34558,5
45020,5
36583,1
41494,5
537,2
48727,4
49182,5
41116,3
42591,3
37475,1
7055,3
31289,5
41479,3
45544,2
21817,5
4725,5
25026,3
40980,5
48800,5
15472,5
1465,3
21302,5
17869,2
35676,1
41945,5
31526,1
36455,1
1028,3
295,1
10417,5
37295,1
26709,1
44742,4
31839,3
27396,4
27065,4
38216,1
42319,5
45996,1
1436,2
33087,5
9342,5
36711,2
35074,5
43999,1
31900,5
39168,4
41358,3
37005,2
25267,2
48722,5
25246,2
33524,2
33551,3
30791,3
33912,5
34242,5
36647,3
26686,1
13575,5
36007,1
30646,1
7479,3
50528,5
15879,5
33276,5
35737,5
37221,1
36797,1
36734,2
18072,3
4873,1
30599,1
6938,4
11533,1
47959,4
28470,4
48762,1
48831,3
8214,5
38505,3
26937,1
38747,2
32187,5
37052,1
49206,2
19588,3
7452,4
24287,4
48079,3
22932,5
15868,1
14858,1
42466,1
28661,3
33502,5
43435,3
45838,5
7831,1
26559,1
34084,5
48614,3
47565,4
18342,1
6952,5
7860,1
21101,2
38295,2
11361,5
13822,5
16443,3
11699,5
15331,1
4550,1
3809,5
2777,5
18531,5
4231,5
20011,4
27117,1
6961,2
38774,1
51017,4
3785,4
11990,2
44527,5
42404,5
26477,3
45074,5
25571,2
24763,3
43320,1
2342,3
524,1
16580,5
21620,3
3871,5
19634,1
46487,2
46276,3
41266,5
10401,1
43207,1
14415,3
34408,5
12915,2
36916,1
45114,5
7260,1
48557,2
44764,5
18489,2
5963,1
42239,3
30061,3
2913,5
23167,5
37431,4
19142,1
27629,2
13241,5
39713,3
19890,4
12253,5
12390,4
25486,2
50890,5
28127,4
14644,3
20057,2
38155,3
27009,2
8618,1
48790,3
18963,3
44451,1
44618,3
31433,4
14199,1
27082,3
1214,1
37865,3
32998,5
5123,1
41367,4
15859,3
1923,4
42731,5
16240,4
27896,3
11344,1
31319,4
50434,5
18093,4
28129,1
32546,4
38624,2
28388,2
2299,1
25202,1
44515,1
15262,1
27464,1
25000,2
45822,4
5977,3
43297,1
43569,1
2793,5
31915,1
47216,1
18209,1
49271,5
13886,5
22857,5
44512,4
46782,1
50651,5
13366,5
20151,1
8130,3
6099,1
39873,4
9598,3
5449,1
37336,1
36680,5
33642,2
4420,1
45415,3
30941,4
49741,4
14902,5
14178,2
27763,1
17550,5
46708,2
23727,1
24433,5
18359,1
27205,5
13685,5
3659,5
41026,5
37213,1
45329,2
9797,1
19766,1
50631,5
29190,5
36871,1
49154,5
26605,1
36968,3
50466,4
1976,5
35522,5
21427,5
25397,1
5124,1
26752,4
20569,2
19670,1
38910,3
44633,4
22806,5
24963,1
50035,5
22043,1
45550,1
31318,5
22629,5
20746,1
214,1
23589,5
30894,4
3721,5
11515,5
25879,1
5196,5
14252,2
36311,1
31071,3
32731,5
40927,3
22896,5
12928,5
34630,5
24477,5
28322,1
30064,3
32698,5
46701,3
18355,2
6830,3
33818,4
22725,4
29320,2
43221,1
1264,4
37152,1
22439,5
37833,1
5162,1
3547,5
2990,4
46408,1
3586,4
13342,5
2799,1
36021,3
38292,1
34989,5
7441,4
9684,5
7429,4
37714,5
39700,3
6161,2
15515,4
3449,3
49322,1
16723,5
13100,5
9880,3
8666,4
10117,3
27146,4
5877,1
41537,1
41952,1
2344,3
17875,3
25439,2
20778,5
45976,1
41452,4
20159,2
48090,1
13477,5
23510,5
37832,3
18275,1
13015,5
43041,5
43757,2
5435,1
25897,1
9809,1
38309,4
11714,1
21564,3
39530,3
27410,5
50633,4
16148,2
28304,1
23893,1
17532,5
28618,3
33273,5
42157,4
44897,4
5005,5
23996,1
8730,5
127,1
44160,1
46502,1
26904,1
16746,3
48095,3
10836,1
4893,1
30505,2
21794,4
25464,1
43661,1
22422,4
26576,1
27355,1
4651,1
23782,1
20022,3
47655,4
29013,1
21096,4
39416,3
43613,1
25090,5
30256,3
4924,1
18593,1
45610,2
46191,1
31649,5
49897,4
38314,5
10858,2
19518,1
47966,2
36098,1
11066,3
16402,3
6199,3
10969,5
13340,5
26750,1
7894,3
10990,2
9716,5
44986,1
14504,1
39,1
28539,4
30117,3
40817,3
35297,4
7771,3
42467,5
26248,1
13154,5
37450,5
35461,5
32911,5
8065,5
38998,5
12723,5
12360,5
46066,1
1628,2
15745,2
32074,4
19510,1
28190,2
5653,3
35968,1
40607,5
27472,5
36109,4
38396,5
1118,5
27905,1
46281,2
33932,5
47581,2
16184,5
7010,5
16982,5
31006,3
14188,1
30485,4
27752,3
17698,1
44355,1
2,1
44166,3
46856,1
24950,1
17503,3
21868,1
34285,2
37098,1
15310,1
37560,5
8452,5
38666,2
17940,1
7772,5
5191,5
19376,4
36252,1
47205,5
37409,3
3433,5
30139,5
40154,5
34143,5
35732,3
46987,5
5088,1
38121,5
25382,1
10927,5
17589,5
27607,3
39633,4
46202,1
43633,2
3855,5
23719,1
10418,1
43735,1
4736,2
5685,1
38756,5
13770,5
13397,3
22587,5
7236,1
3926,5
29128,4
49618,2
31311,1
47914,1
7967,4
39837,3
6818,1
14565,1
41852,4
31325,3
33676,5
5800,1
14696,2
13644,5
12461,5
1763,3
34469,5
42777,5
19207,1
35789,5
20362,2
15067,1
37290,4
47065,1
24163,3
11835,3
13522,5
19023,3
18829,2
9403,5
14204,1
46930,1
21537,4
15034,2
26795,1
17066,5
34116,5
29988,5
1867,4
278,1
3704,5
10252,1
30226,1
6192,1
14152,3
18581,4
35702,5
11766,3
21538,4
3325,4
48493,1
31932,1
29593,4
15138,3
27541,2
42905,3
46707,3
19519,2
31511,4
7216,4
34201,5
3275,4
3077,5
43834,3
45752,1
50025,5
50604,5
1351,5
34075,5
18803,5
46075,1
31735,5
46557,3
49891,3
27954,2
29412,2
420,1
34893,5
28958,4
50556,5
33736,1
48345,2
17564,5
42327,5
24388,4
13296,5
17201,5
5453,5
44819,5
30291,4
11076,1
14419,3
9596,4
15422,1
24915,1
5807,1
15241,1
20304,3
14824,3
15338,3
25295,2
19515,5
28212,1
43621,1
2228,3
38510,1
815,1
47254,5
44485,4
35994,1
34382,5
4030,1
34754,1
24109,3
5359,1
15270,1
15924,4
28321,2
30229,4
17194,5
49035,3
49934,3
18732,1
19018,5
29893,3
8523,3
19011,4
8753,5
46396,5
27881,3
24600,4
40935,3
15367,2
39029,3
50182,5
2814,5
30187,3
21079,5
4702,1
38418,3
33132,4
22840,4
14123,1
35237,3
3089,5
35431,1
5755,3
19517,1
29737,4
15768,4
2073,5
5754,1
46877,1
2235,4
8882,5
5444,1
9876,2
33172,3
6945,4
7107,1
40196,3
12168,1
35949,2
26711,1
17860,1
42455,5
14768,1
41976,5
22037,1
34419,5
26956,2
33493,4
39773,4
48713,1
9682,1
28431,3
37076,1
29722,4
11967,3
26826,2
40630,5
47146,5
47089,2
6488,4
40455,1
664,5
1807,5
38832,4
43048,5
38193,4
46984,3
18118,1
1497,5
24122,3
4751,3
15925,4
9458,3
4675,1
8484,5
13690,2
1401,4
39414,3
19818,5
15572,4
45383,1
12182,3
6856,1
50339,5
6787,3
33456,4
3394,5
27995,3
38943,5
41482,2
1108,4
3248,5
47097,3
29177,1
29998,5
36409,1
5589,2
11911,1
3452,4
50331,5
20067,1
39446,2
38838,5
41192,5
16139,1
13733,4
42072,5
27505,3
561,1
13835,5
20054,1
44471,4
23242,5
22506,5
32583,1
25332,1
33575,4
2413,2
49427,3
7805,5
15298,3
23649,5
50972,5
15007,1
29653,5
47399,1
8941,5
25378,5
5349,1
10645,3
25008,3
26945,3
47586,3
11672,3
25149,3
16546,5
3357,3
4815,5
5055,1
38827,4
42296,5
17152,1
19553,3
35138,1
30885,4
41991,5
24223,4
7995,5
24204,1
36785,3
39830,4
5537,2
8795,5
29234,4
47933,3
48701,3
23163,3
1106,3
40934,4
10316,1
44616,3
16287,4
27524,1
4174,5
42719,5
26381,2
8774,4
1658,5
22853,5
14933,5
38058,1
1596,1
26763,1
36529,1
11372,4
9522,1
19120,2
4770,1
35331,5
38182,1
27673,1
29886,4
24790,1
14483,1
4151,1
50773,1
26416,1
9293,4
47312,1
20852,3
42700,4
26063,1
3398,4
2747,5
9823,5
30060,4
23744,1
12801,5
21368,5
37747,2
20072,4
22693,4
1844,5
16117,5
45665,1
32525,2
35072,5
7876,5
19763,3
46807,1
39403,1
27774,3
30352,5
12213,5
48332,1
1418,3
21102,1
40739,3
32223,4
49547,5
6623,3
7279,5
26148,3
13461,5
9279,5
14805,1
26845,1
45545,1
40481,5
17143,5
5426,3
8433,5
5934,1
5492,3
15785,3
33300,4
37618,3
29066,5
14578,1
6271,3
20498,1
41727,5
34045,5
10033,1
47432,1
13797,5
19456,1
940,3
36187,1
45253,5
46090,4
6020,3
48382,5
7891,5
25406,1
7510,3
5276,2
15634,1
3188,5
44475,1
2063,4
8150,3
37781,1
18744,1
13171,3
35804,5
16266,1
15021,4
25789,2
36639,1
9566,5
13586,5
31675,1
47327,1
1635,5
37752,1
50794,4
41936,5
13742,5
19627,1
9447,5
22199,4
20301,5
16486,3
23133,5
20521,3
22404,3
41626,4
43631,3
984,1
45368,3
48102,3
34411,5
11994,2
28112,3
31770,4
12518,1
3583,5
44664,1
49745,4
32235,4
35510,5
5583,5
31458,1
34761,3
47870,3
25624,5
50727,1
30581,2
2664,5
32897,1
38754,2
16331,4
16635,2
45370,1
10474,1
7066,1
46344,3
49868,3
20062,1
26473,2
46486,1
37462,1
23332,5
40041,5
14588,1
33844,5
24095,4
21798,5
11453,1
14804,2
22174,5
36571,1
35792,5
8616,5
19683,1
34810,3
22968,5
13896,5
22752,5
225,1
36554,1
5336,1
43061,5
30812,1
11500,5
25099,1
14390,5
38106,3
9359,5
21697,2
32946,5
30428,4
4032,5
31023,4
42961,5
31208,3
48925,4
29648,2
41356,2
13763,4
48861,4
26871,1
10476,1
2295,5
39543,4
9874,5
43306,1
7268,1
12155,2
48466,5
26272,2
46661,2
4471,1
31564,5
25452,4
26893,1
28778,2
13421,3
4470,2
23747,1
50741,5
3070,5
3685,5
3836,5
20425,4
41498,5
14017,1
15966,1
10722,2
36608,1
30524,4
30570,5
27511,1
36081,4
26270,1
36720,1
41478,4
5515,1
7956,5
27126,3
1673,1
5226,1
36573,4
29533,3
39721,3
28170,1
42458,5
44996,5
23952,1
3304,1
41213,5
6527,3
18277,1
16574,3
29520,3
8573,5
38485,3
40905,5
44531,4
29779,1
43900,3
17997,1
11137,3
14340,1
24393,4
19743,1
6937,4
48525,4
36141,1
25847,1
45264,3
26002,2
32885,4
25673,1
32678,4
43453,2
15669,4
14168,1
44216,5
4427,1
27377,1
33508,5
45252,5
49233,5
28453,3
9711,1
50883,5
31645,4
5300,3
15178,2
14421,1
4006,3
27732,1
36851,3
29355,1
35923,5
9311,5
47481,4
36035,3
14303,1
43143,1
27358,2
2465,1
41625,2
46733,5
17107,1
9049,1
32938,4
16009,1
38162,3
31953,5
375,5
10630,1
17300,5
34246,3
42631,3
20799,4
42364,4
7087,4
37327,2
43650,2
33294,5
18692,2
3652,5
31428,2
43519,1
6572,3
2051,1
704,1
10159,1
330,1
4443,1
20190,5
27886,1
46277,2
36721,1
14106,4
40585,5
32484,4
31638,5
31697,5
7793,4
47332,1
39559,3
42809,5
21438,1
40423,1
20497,5
7385,5
22351,5
30600,1
40807,3
5338,3
13468,5
7354,1
5322,1
43171,1
31002,5
20912,2
47551,3
39931,3
44539,3
23381,5
3768,5
40071,5
10241,3
50819,5
581,2
8472,5
25433,1
27246,3
34414,5
18216,1
22484,4
27804,1
24394,5
1741,5
27214,1
31398,4
32791,5
49617,3
6021,2
28077,1
38940,3
28152,3
21233,3
32293,4
363,1
38693,5
10865,3
20486,3
20699,4
26474,1
39037,3
43879,2
44890,1
3166,5
46520,1
29931,4
24914,5
11459,2
40624,5
33159,1
32667,3
14740,4
19778,3
1374,4
43678,1
6344,4
49295,4
24987,3
18721,1
45519,1
7684,4
29007,1
35885,5
10363,1
33750,5
30525,1
32688,3
26218,4
18998,3
49855,5
43450,5
34499,5
16886,4
5310,1
47033,2
15051,1
8565,4
47682,4
12347,5
26884,1
3736,5
43989,3
12979,1
32225,5
40925,4
32898,5
10951,2
20204,3
30362,1
6790,3
10830,5
21862,5
29210,5
28022,3
20848,2
47391,1
2973,2
18121,4
13570,5
42920,5
43354,1
13053,5
10188,1
6232,5
43463,1
44305,1
17220,4
27659,1
43053,4
25561,2
5312,1
46246,1
49323,3
49584,2
44032,3
42674,5
6888,1
32347,5
32982,3
51257,5
689,1
79,1
34049,5
14472,5
26703,5
30529,1
17080,5
44145,3
44461,2
10112,1
46983,1
17679,1
48948,5
30881,3
20501,4
42760,5
40210,1
17963,1
36232,1
36821,2
42077,5
33900,2
21212,3
45532,2
42434,3
35926,5
25976,4
27157,5
1849,1
12226,4
50470,4
36979,2
18624,1
19144,1
23404,3
27388,3
25722,5
28703,3
15281,2
43625,1
5912,3
47156,1
31967,3
33225,5
2957,3
25307,1
43189,5
23421,5
23820,1
24397,1
17038,5
16061,4
26687,1
17897,1
40160,1
31180,4
33911,5
31223,2
31908,5
46387,4
24060,1
50048,3
23655,5
13093,3
11201,3
41387,4
3095,4
39928,1
22511,1
19619,3
9089,3
48644,5
3455,5
11833,3
6214,1
17011,5
4524,1
20680,1
12698,2
18947,4
34652,5
24165,5
31317,3
49966,1
43305,1
18053,1
42515,5
10178,1
4061,5
21114,4
42775,5
34133,5
28185,4
34003,5
25472,1
14970,2
28045,5
34626,5
39070,5
40992,4
14865,1
12401,1
28360,3
24614,5
10177,1
19291,1
48640,4
35962,1
32313,5
12820,3
36891,1
4159,5
26324,1
47411,1
20704,3
10156,1
16369,5
20766,3
19754,1
40079,3
4304,5
19861,1
41736,5
1301,1
30333,1
22808,5
39522,3
29817,3
6427,4
33274,5
48354,3
40730,4
18506,3
37426,3
30440,3
9243,5
20163,4
36708,1
43877,1
30991,4
48308,5
38370,3
7440,3
25626,3
36114,1
15841,4
9517,5
46039,1
26363,5
35986,1
47175,1
25656,2
12780,1
41037,5
21677,5
7992,3
31460,3
1901,1
41820,5
1887,4
20529,5
41201,5
35003,2
3951,5
7444,2
35254,2
7778,2
37602,2
18327,1
4775,1
966,5
1587,5
22461,5
2961,3
29502,2
27368,5
35058,5
48934,3
5726,3
47259,2
41646,5
13034,5
22525,3
42904,5
38574,4
47164,1
7884,2
13627,5
35667,5
9717,3
12815,5
34158,5
14842,1
1636,3
16341,1
32999,5
33893,3
6869,3
14452,1
34335,3
21507,4
23170,5
31221,5
6618,3
17269,5
30072,4
28890,1
6502,1
16623,4
11882,4
47076,5
6028,1
7041,5
30218,1
39031,4
40246,5
30980,2
2786,5
20167,3
10329,1
6480,4
43152,1
34759,5
10006,1
17825,1
51094,5
35131,3
21660,5
40720,1
48633,2
36138,5
34337,3
12426,5
35325,5
49826,3
26213,1
36167,1
36954,1
7269,5
43293,1
42261,5
11247,1
38165,3
37342,1
43703,1
22490,5
12775,4
8180,5
11739,4
16504,4
16498,3
45951,5
39316,5
31214,1
30078,1
22188,4
48845,5
47428,4
16377,1
13513,5
5089,1
10222,1
6411,5
31644,3
12109,3
30536,5
34456,5
18382,1
33783,5
35955,5
25742,3
26178,1
24417,1
18644,1
47727,1
5368,3
30181,4
3063,5
24331,1
11397,5
39113,4
9504,5
44411,1
28029,1
10195,1
22575,5
10838,3
23487,3
36791,1
24194,2
42960,4
20109,2
10928,3
15998,1
11152,4
20186,2
36936,1
46585,3
8919,4
41028,4
2993,4
47674,3
30355,1
8190,5
46099,4
33606,4
14190,3
44135,3
2602,4
48201,3
45633,3
6495,3
50840,3
28749,4
33357,3
31481,5
46263,3
1317,1
23603,5
41580,1
35063,2
47039,2
13157,5
12902,4
51149,5
18552,5
19905,4
13246,4
48576,1
25614,2
41620,1
23927,4
13774,5
36502,3
37951,1
30296,1
26253,1
33168,3
8684,5
6854,3
37809,4
48497,3
41693,5
2839,3
29288,4
27190,2
12593,5
39553,3
35888,4
45932,1
6491,5
44478,3
41734,5
49529,3
32305,4
32355,5
3489,5
32571,3
24069,1
38419,1
10180,1
29964,3
6621,3
39266,5
47588,1
20662,1
25285,3
43216,1
44329,4
9840,3
28624,5
43452,1
48905,1
5218,3
40515,3
29353,5
27676,2
42283,5
38447,3
20471,3
34183,5
50438,5
26251,1
1431,3
9482,4
36428,3
12543,1
38904,3
3051,1
41200,5
40771,5
30188,3
5307,2
12924,1
33345,5
9303,5
49237,4
16370,4
41074,5
47345,1
18098,1
34736,5
28979,2
47020,2
6999,3
30257,4
23988,1
21544,5
49469,5
36224,1
35585,3
49159,3
38381,1
21252,3
44311,5
12492,5
21828,4
26716,1
45896,1
29290,5
10039,1
29130,1
49454,4
29704,1
49331,3
6329,4
5039,1
46481,4
45281,1
6212,3
18742,1
49483,4
33355,3
14493,1
34673,1
29818,4
3362,5
23900,1
25498,1
35366,5
7080,4
33571,2
46272,1
3228,3
34036,5
14098,1
37945,4
23456,5
1939,5
23154,5
47629,1
23327,5
17729,1
49753,5
24151,5
24736,1
46229,1
23918,1
38956,3
42350,5
32776,5
3549,5
50010,5
50405,5
46689,1
1546,1
17649,1
4439,1
14478,1
19197,5
45165,5
26292,2
26164,1
14968,2
41427,1
21230,3
51097,5
14542,1
8701,5
14373,1
14305,1
9110,3
10456,3
40799,4
20010,2
13800,5
23523,5
41566,3
51214,5
14789,1
17508,5
45624,1
35375,5
5109,1
32218,5
41703,4
18819,1
31539,5
36466,1
15937,3
25685,1
26927,4
40484,5
27932,5
24279,1
5521,1
41944,5
34088,5
49722,3
48816,5
3560,5
33553,1
1629,3
41518,4
21029,1
16674,5
16820,5
34650,2
10577,1
18832,1
41380,5
43977,1
11640,1
4543,5
47381,1
27312,1
25969,3
43313,1
29132,4
47684,1
560,1
39624,4
22557,5
46309,5
7500,1
24423,5
28318,1
21758,1
418,1
19838,4
43600,2
35426,5
50637,5
16165,3
27682,1
23090,5
40140,3
50200,3
7993,1
10481,1
32419,4
8251,3
42480,5
30430,3
36725,1
50697,5
38796,2
930,2
30854,3
40928,2
9733,2
33350,5
30087,3
42082,5
50684,5
14748,2
32461,4
39650,5
37436,5
4318,5
9615,3
35419,5
34658,5
51058,1
2662,5
11845,1
51211,5
26721,2
39213,5
23771,1
16727,3
9023,5
38695,1
16253,3
43342,1
11863,1
28437,3
37464,1
12139,3
18318,1
45520,2
2984,5
37580,1
7705,3
16296,3
13242,5
31574,4
303,1
34735,5
35036,3
43215,1
38024,3
19214,3
8084,5
20440,3
40094,1
19015,5
6139,1
16694,5
49180,4
41441,5
6528,4
19597,4
8615,5
31619,5
13756,5
29273,2
9472,5
2092,4
1204,3
46917,4
42430,5
4668,1
22561,1
28461,4
7890,3
32014,4
515,1
43410,1
32205,4
24240,2
12468,1
19470,5
8682,5
45745,1
28930,5
21675,5
34219,5
12628,2
1922,3
31886,5
51189,2
26038,4
8244,5
4713,1
45818,1
43689,2
6428,1
28912,1
4926,4
22474,5
29481,3
26861,1
50039,5
50253,1
6340,1
6094,1
18488,1
43472,1
25719,1
29302,4
12263,5
3013,4
12072,2
26347,1
13162,5
26733,1
45206,4
20404,1
36866,3
6233,3
13584,5
40458,5
5702,1
36545,1
28472,1
15999,4
6421,2
11719,3
42594,5
33801,1
32210,3
8801,5
50866,5
18087,1
12584,5
10562,1
40811,3
16865,1
41288,5
8881,5
32528,4
17588,4
19573,3
44426,4
39382,4
38621,3
20479,3
729,1
24998,1
10214,1
16343,5
39014,4
39869,3
46424,5
34668,5
40662,4
39845,3
48560,3
34094,3
19180,5
32940,5
35791,5
35212,5
2433,3
31471,2
776,1
9888,1
5033,1
3107,4
18323,1
14115,1
10379,1
885,1
25459,1
6538,4
19351,4
15121,5
18964,1
26494,2
39305,4
41875,5
30606,5
40405,5
393,1
10935,1
12980,1
8515,3
14256,1
9963,1
13872,3
24723,2
46165,1
28840,1
50008,4
42761,5
19664,3
35065,5
23854,1
38045,3
31995,4
9415,5
38228,3
34342,5
575,1
39892,2
13006,5
26955,1
24049,1
31076,1
40166,3
26247,1
49342,3
45639,1
34882,5
45589,1
43003,4
17863,5
40051,5
31365,4
407,3
10356,1
28595,3
3703,5
23697,5
5684,4
38474,1
49375,5
45428,1
42551,5
10916,1
50318,5
48543,1
26764,1
19520,1
24611,4
17672,1
21450,3
33501,4
13437,5
50636,5
6687,5
33371,5
4784,1
27609,3
7916,3
3024,5
546,3
49680,1
10403,1
12938,4
34741,1
21557,3
41240,4
3473,5
30673,5
33947,5
25027,1
48125,1
5245,3
36475,2
36067,1
14859,1
46623,1
16490,5
47929,1
34148,5
46582,1
15386,2
37249,2
27697,2
50488,5
40388,5
45686,2
3386,4
27139,2
3172,2
41582,2
38209,1
11830,2
46725,5
36531,5
37677,3
28446,1
164,1
20512,3
34212,1
51157,5
48450,3
11921,4
42884,5
40237,5
11039,1
32457,5
11189,5
13686,5
24353,2
21248,2
10598,1
19485,1
27985,4
49364,4
45830,1
24647,1
8513,4
46542,1
42058,5
32751,3
31477,1
34421,5
35192,4
49298,4
2094,4
37407,1
28066,4
21108,5
47405,1
45865,1
41098,3
30830,3
19694,1
36391,5
23651,1
31940,3
43744,1
5957,1
17369,5
25237,2
12049,4
4286,5
21232,4
41775,5
26806,1
8879,5
7139,5
5722,2
13267,5
26137,4
14690,1
46690,4
13776,5
32120,4
30614,3
18699,4
23448,4
6152,1
37843,2
9590,5
36446,3
35596,5
43619,2
42178,1
6208,1
40911,3
14718,2
24267,3
35336,5
4871,3
30559,2
50458,5
19153,4
2564,1
4549,1
23561,5
26237,1
14604,1
35684,1
12822,1
18532,5
35140,5
37437,1
3494,5
30086,1
37585,3
40208,3
15060,1
50117,5
29882,3
25100,3
12145,1
19154,3
23292,5
43534,1
31338,4
22123,1
37312,5
35835,3
14448,3
46927,5
32957,5
10431,1
13965,1
35653,4
51175,5
19086,1
615,1
49242,2
24465,5
25766,2
35387,5
33137,1
50547,5
12729,5
51191,5
15162,5
44048,1
10486,1
50220,5
39638,5
10055,5
42715,5
47162,4
2101,1
26998,2
36782,1
25693,1
40292,5
25723,3
22882,3
33906,5
38428,2
16913,5
27332,5
2586,3
22417,5
34974,5
29642,2
5390,1
27022,4
22901,5
7892,5
36435,3
9864,1
32862,1
925,1
45366,1
30481,3
4663,1
34140,1
49964,5
5872,2
22573,5
45798,1
20675,3
29898,5
1246,4
6867,4
45494,1
17775,5
35091,5
154,2
6798,3
32121,4
27251,3
11155,1
14364,4
42305,5
30065,1
45406,2
16462,3
13135,5
8442,4
49740,2
13180,4
30047,3
899,2
48986,2
19318,2
25002,1
27047,3
2157,1
41251,1
30650,5
25466,1
33242,1
24488,5
50129,5
14440,3
44858,5
26831,1
20097,3
14372,4
15679,4
24812,3
41990,5
3667,4
38765,1
5727,5
23569,5
28916,2
37060,3
8667,5
12833,5
36611,1
31237,3
29010,3
9643,1
39929,5
7104,3
9124,5
6459,3
28693,5
43928,1
27274,1
37081,2
48581,3
36296,3
38445,3
42878,5
46164,3
36053,1
28579,3
31668,4
24443,5
3164,5
2076,4
3711,5
44372,4
10242,1
33366,4
20923,5
28177,3
43964,3
29060,1
3181,5
42857,5
38753,2
13116,5
34766,5
38800,5
29243,4
15542,4
45263,5
19429,2
11077,4
29076,2
32939,3
3448,5
19092,4
1016,1
12749,1
26635,1
1933,5
4015,5
30004,4
50837,4
38596,5
6960,3
18246,2
26819,2
28263,1
31402,5
33074,2
32636,2
37218,1
38780,3
9927,3
48958,3
18647,4
47596,1
31039,1
13767,5
18533,3
39238,1
50053,1
6323,2
12196,3
2998,3
45853,1
37208,1
36015,1
5634,2
35703,5
17696,1
27477,3
17812,4
50774,5
17188,5
33529,5
50006,5
26439,2
5777,5
20935,3
48544,5
18770,2
34295,5
46511,1
37244,1
40745,4
46166,2
1232,1
44336,3
16605,3
23931,1
38580,3
35477,5
13481,5
49625,4
49616,4
20514,4
43605,1
39002,4
28961,1
11482,1
24451,5
37837,1
36745,1
9887,1
36415,2
15534,3
18537,1
21142,5
45827,1
14522,1
30480,3
26589,1
17592,1
40211,1
42452,5
30898,1
4438,4
11965,1
42704,4
11824,4
35122,5
49594,5
22105,4
17776,1
26351,5
47721,3
49151,3
1493,5
26947,1
38297,1
21282,3
37992,2
2280,1
41683,1
23825,1
44951,1
5247,1
37839,3
20966,4
3487,5
43167,1
47037,5
3223,5
16263,3
26060,1
34549,1
15539,3
44245,5
6058,3
44061,5
26081,1
34281,2
26769,1
28383,1
16318,4
3575,2
11196,1
43379,2
39601,5
10557,1
4499,1
45978,3
48483,1
15089,3
42829,5
4785,1
22632,4
30901,1
3346,5
41150,4
14940,5
3218,5
28143,1
37390,2
9678,1
37700,1
8044,4
19684,3
23496,1
46484,1
47041,4
47024,3
7327,3
4376,1
2292,3
30019,5
13972,1
31412,3
14295,1
36601,1
31083,1
3255,3
33771,5
48289,3
35467,5
2703,5
1840,4
18543,1
17183,5
45304,5
22134,5
20892,3
2732,4
35527,4
22359,5
5401,1
21506,5
28687,2
32482,5
22409,3
23344,5
29729,2
25299,1
24712,3
45342,5
23618,1
49567,3
30056,5
14397,1
44753,4
14247,5
45196,4
27105,5
9617,1
35141,1
38613,1
40426,5
11637,1
12352,5
23594,5
5592,3
27863,3
10080,2
44113,4
1162,1
27750,2
21633,5
1672,3
792,1
6474,3
5689,1
48270,5
28615,3
42062,4
31731,5
40400,4
20252,3
40808,5
13511,1
44154,2
208,1
7184,4
48610,2
17121,5
6426,2
13490,5
28430,1
45810,1
1908,2
18011,1
28837,5
49602,5
16688,5
771,3
43899,1
35187,5
29541,1
48583,4
10939,1
15968,3
17484,5
40637,5
45587,1
31411,2
35734,2
38963,3
13980,1
9728,1
49461,5
26184,4
37598,2
12063,5
25948,1
11419,2
31592,5
24272,5
22950,5
15258,3
6530,2
43300,1
8142,5
12197,3
28614,3
28658,2
9681,1
13769,5
26667,1
43222,1
26759,3
23757,1
40230,4
41212,5
4796,3
90,5
42883,3
46197,3
49388,1
42075,3
50879,1
47468,3
4546,1
45310,5
42639,3
7881,5
1977,5
39242,4
11018,3
32883,3
36794,1
29563,3
43789,1
47390,1
1962,1
49565,4
6597,3
10731,1
13270,5
47854,1
14997,1
5407,3
16949,5
16065,2
34251,5
9821,1
16836,3
21604,3
18522,1
30158,3
61,1
6336,1
34317,5
32913,4
2303,4
2501,4
43210,1
15883,3
45629,3
11962,1
4800,1
23095,4
32179,2
2439,4
25749,1
16636,5
342,1
38659,5
4131,5
28924,1
42667,5
7331,1
46567,3
33562,5
11959,3
47056,1
48515,4
22384,3
42705,1
20637,2
11320,4
39704,3
6264,1
2401,1
13569,5
13702,4
24750,2
21364,4
6382,2
47057,2
42277,5
16646,3
34559,4
23776,1
23871,1
31327,4
24556,5
6386,4
570,1
10962,5
13592,1
45759,1
24322,4
14321,1
31504,5
36149,2
19611,1
49636,5
4360,1
25691,1
5217,2
51033,5
37061,5
46646,1
25704,3
24110,1
28414,5
47270,1
7461,3
32399,5
43080,4
14458,1
32100,4
10067,1
46902,3
19596,1
20667,4
50451,5
47141,1
22881,4
36328,1
17416,5
4825,1
22599,4
16186,5
35767,5
23647,5
26786,1
22224,5
16308,1
10991,1
30691,2
16057,3
12892,2
11977,1
44572,3
37643,2
33689,5
31797,2
32147,5
5491,1
10429,3
13158,5
19272,1
4849,1
26913,1
10235,1
8235,3
39083,1
50859,5
24671,1
38191,2
44017,1
5932,1
13956,1
48343,3
20030,1
9727,1
23206,3
37816,3
42501,5
10043,2
4870,1
38646,1
40213,5
28813,3
14624,1
18685,1
21782,5
25604,1
25682,1
24140,1
48015,3
28594,1
9758,1
32020,4
1318,1
31152,3
36260,1
49301,1
40519,5
32610,1
36876,5
44014,1
40060,1
31356,3
24497,5
47619,2
28042,2
38503,2
30936,3
40919,4
48473,5
46037,1
41233,5
13962,1
50310,5
51143,5
13425,5
35567,5
37186,2
26471,2
44838,5
1282,2
39756,3
47095,1
30042,5
5688,5
38096,1
39176,3
23762,1
13119,4
2741,2
8197,5
27775,4
21734,4
10760,1
2724,5
46936,5
14816,4
32287,1
45630,1
3902,5
6876,4
48239,4
38572,5
2607,3
18551,1
46325,1
6277,5
38610,5
31204,4
49482,4
4512,1
35085,1
6935,2
15480,5
44807,5
49104,4
22066,5
29410,3
10163,1
39603,4
27942,3
26644,1
21290,2
7365,1
28422,3
23636,5
20016,1
2909,5
785,5
31818,3
25197,3
25804,3
11723,1
3861,5
15626,1
24587,5
15822,5
42175,5
34268,5
26734,1
17320,5
28421,5
10111,1
28442,4
39696,1
39490,5
32967,4
4919,1
13082,5
29949,2
4620,1
31028,3
31580,3
4649,3
16744,5
24238,5
13808,5
32662,5
14300,3
30674,3
37846,3
11846,1
22466,5
19423,3
46056,1
2567,3
998,3
11159,3
14784,3
37634,1
50049,5
3323,3
7559,5
35902,5
14039,1
824,1
16475,2
13931,5
16350,3
20769,4
10669,5
8521,3
21148,4
50650,5
42218,4
20155,4
44903,4
5659,1
49282,5
21028,4
38603,3
25049,2
24983,1
6557,4
23358,5
31806,1
31517,1
2131,1
5352,1
13136,5
10979,4
5694,1
16968,5
33588,4
43212,1
49337,3
36295,5
35520,5
38213,4
4362,2
10392,2
19574,2
44947,5
18568,1
45720,1
29249,3
48088,4
35564,5
23451,4
5008,1
49420,5
4851,1
39362,4
6529,4
10774,1
50733,5
31266,2
39694,2
25248,1
41254,2
39632,5
31887,4
16523,4
18279,1
2836,4
13261,5
30316,1
27798,2
12121,4
17816,1
47515,3
4827,1
47449,3
8937,5
34497,2
43419,1
29414,1
21821,5
3748,5
9609,1
17990,5
6322,1
13017,1
828,3
36382,3
25861,1
17026,5
14730,1
17354,5
16931,5
6209,3
25495,1
9962,1
392,4
4104,5
17826,1
22680,5
1193,5
6965,3
30888,3
28056,1
12,2
21190,4
6197,5
24631,5
41381,4
29346,4
45904,1
22192,4
43895,5
6855,3
39220,4
19994,3
45035,5
32462,3
33124,4
17059,4
7150,1
3485,5
44601,3
43351,5
5519,1
25431,1
47609,4
7883,3
12704,3
25622,2
31717,2
18995,1
17361,5
28027,3
30787,3
50453,5
31046,3
31175,3
16924,5
49726,4
3046,5
10811,1
3140,4
4464,1
15866,4
42513,5
11284,5
5776,1
32251,3
4252,5
24506,5
30837,5
9749,4
28643,1
18870,2
35717,5
1631,3
23058,3
47846,3
34815,4
807,1
32499,3
9451,5
37903,1
13104,5
15787,4
50188,5
41984,5
36584,1
2291,1
25156,1
40952,5
30200,1
43261,3
31034,3
9484,5
8911,5
21753,5
12358,5
15019,3
16415,5
22401,4
17190,4
33064,1
36682,3
3553,4
2269,5
11594,3
26631,2
13295,5
21003,5
24886,1
23505,5
28202,2
3364,3
16685,1
45920,1
11394,3
45133,5
19878,1
32788,4
49105,5
47517,4
5622,1
38764,5
3416,3
18424,1
25400,1
28386,5
26127,1
42954,5
6776,1
35018,1
51223,5
2309,1
3775,5
31850,4
41008,4
38104,1
31846,3
31276,3
30168,4
16268,1
12394,5
7692,5
20980,5
1530,3
49384,5
21870,3
50659,5
42804,5
44762,5
22904,5
28297,1
16483,4
23585,5
29407,2
3520,5
9187,4
15832,1
46252,4
51131,5
36499,3
6832,4
5417,1
33387,5
29294,4
34758,2
51117,5
12562,1
25648,2
33538,3
14475,2
50224,3
29588,3
20491,3
43694,4
5166,4
32613,5
45743,2
30293,2
18933,2
39730,4
31285,1
22028,5
27709,5
15700,3
25759,1
27446,3
50683,5
17086,3
16833,5
30612,4
16979,5
35937,1
30334,4
11258,1
5830,1
23580,5
41396,5
12110,5
48735,5
29196,2
11139,4
12707,5
41970,5
51213,5
10186,1
9201,5
2600,3
49453,5
43849,3
43420,1
11539,1
15997,3
25534,1
19218,4
16834,3
459,5
6437,2
2268,2
5834,5
27287,3
5243,2
2429,3
34904,1
7903,4
2548,2
27430,1
9321,5
50670,5
38388,3
29281,1
36464,1
19305,1
37680,1
33569,1
1597,1
36619,1
44514,5
6702,3
13737,5
16735,5
43790,5
32398,4
23492,4
20071,2
3261,4
14915,5
13431,5
7304,1
31182,5
12960,5
28689,1
6947,4
3615,5
38064,3
43177,1
34778,5
38217,1
50797,5
35753,5
11217,4
17325,5
9533,4
2583,4
46174,2
13245,5
19412,3
9056,4
35668,5
49402,5
24523,5
48439,5
39770,4
20709,3
159,3
40066,5
25979,1
26614,1
33740,2
16166,4
24503,5
3031,5
34279,3
40042,5
33091,3
31855,1
44905,3
16147,1
14654,1
33899,4
40092,4
36230,1
17181,5
2124,3
47304,5
40443,4
19913,4
49315,1
9664,1
24843,1
6723,5
14062,1
33809,2
48340,5
28155,5
50204,1
1435,2
50461,4
41897,5
17490,1
35906,5
44306,3
6300,2
21144,2
38252,5
15345,1
26428,1
18161,3
32728,2
42468,5
24910,1
24565,4
19010,1
18879,1
33447,3
34648,1
50854,5
21776,4
22548,5
29003,1
12598,2
1792,2
40112,3
29111,3
22069,3
19602,1
32358,3
1898,5
43792,1
15646,1
38015,1
45944,1
13859,5
14339,1
4874,1
46925,2
17787,1
35973,1
29677,1
5732,1
34814,5
25937,1
47189,1
49537,3
40859,5
29795,3
26643,1
49876,5
12882,1
12688,3
21238,4
40149,3
4730,5
45485,1
620,1
31726,3
50778,5
6352,1
1663,2
16105,2
4314,5
24176,3
16956,5
5120,1
639,1
2532,2
19343,5
15916,3
1619,1
37148,1
21198,1
26601,1
4228,5
39379,3
36589,1
7657,2
18599,1
38163,4
46739,5
13796,5
44826,3
20403,4
23766,1
28416,3
49132,5
51052,5
29767,3
29071,2
2482,4
41088,4
25508,3
38526,2
22471,5
18378,1
13124,5
12851,5
50910,1
24403,4
42823,5
39747,3
37206,1
18368,1
1577,2
40996,4
42891,5
47321,1
4750,4
7018,3
13891,5
11232,1
20945,2
15312,1
39285,1
37709,1
34050,5
48736,4
42632,5
5821,2
51101,1
46783,1
39578,3
23486,5
9559,3
635,2
28751,2
33814,5
37896,5
6813,4
45518,1
41889,5
19043,1
33835,5
27718,1
28862,1
24538,2
19972,1
29401,4
23520,5
14795,1
48135,3
44812,5
35285,5
38843,4
22194,5
36190,1
33514,3
41094,5
26832,1
45832,1
26693,1
23026,3
27645,1
16774,3
28563,2
10899,5
26508,2
37894,1
39804,5
21027,5
39539,1
16509,4
40691,1
42873,5
50099,5
32407,5
38989,5
2321,1
2871,5
49958,5
25157,1
37079,1
21713,3
1648,1
30943,4
27268,1
1474,1
31890,5
39583,1
32070,5
29561,3
10452,1
5704,5
15368,5
48198,1
32535,2
4349,5
15594,5
26891,3
43183,1
23153,1
26280,1
21978,4
33155,4
35981,1
17910,1
22425,5
38736,3
25620,1
31189,2
28847,3
24513,5
11628,4
41999,5
27429,2
11450,2
48650,1
42683,5
22080,1
302,1
538,1
14245,1
42590,5
43838,2
14286,1
46432,1
45276,5
43407,5
18592,3
42906,5
36227,5
51046,1
12785,2
2594,5
34616,5
42696,5
50989,5
5989,1
1765,3
45472,2
25467,1
39965,4
41373,5
19897,1
22412,5
46911,5
32605,5
25785,1
16056,3
4505,1
42578,5
37880,4
47780,4
50584,5
26599,3
27591,1
48094,1
7097,3
47670,3
24196,1
12658,2
11497,1
26617,2
24220,1
8220,5
7847,5
42489,5
19358,1
40073,5
18896,1
32173,2
17612,1
23629,3
43151,5
17945,2
48745,2
40823,4
12560,1
44658,5
21215,1
30913,5
11094,5
18530,1
4450,5
47278,3
15390,3
23806,1
22864,5
27573,1
45692,1
23664,3
12966,5
40994,4
15234,4
17795,1
8913,5
30697,5
21071,2
3581,5
41563,5
11633,5
44481,4
16879,5
36192,1
15563,5
16941,5
6989,3
47575,1
50738,5
50100,5
20256,5
37169,2
28249,1
43088,4
17247,4
8949,5
35040,3
34813,4
1180,3
16411,5
7115,4
10676,3
31016,5
28349,5
38913,3
31414,3
49445,5
39607,1
10466,1
947,3
46105,2
11897,5
29188,1
38790,3
39313,1
19902,3
18025,1
41761,1
26342,1
14873,5
20904,1
40598,1
23390,2
7050,4
55,1
43874,3
32893,4
49781,5
3373,4
8278,4
7286,3
44037,3
42454,5
37062,1
467,1
37614,2
24241,3
9380,4
35820,5
12362,5
10037,1
33764,5
1451,3
45117,5
40734,3
19635,2
1138,1
41308,4
50971,5
33987,5
26232,3
41666,4
31779,3
42840,5
5371,2
48155,4
47704,3
25170,4
39964,5
13856,5
27579,2
6536,2
31739,5
22736,5
20292,4
48299,1
15775,1
16601,5
11662,1
18286,1
4732,4
10620,1
1873,5
11399,5
13803,5
32955,3
20535,1
25809,3
16889,1
38184,1
26688,1
22801,4
23008,5
23967,3
23607,4
18596,2
35301,5
41190,2
29061,5
42048,5
19107,4
38733,4
7134,4
47707,2
47844,1
31434,1
16543,5
5241,1
49106,4
29869,5
6316,3
32924,4
36642,2
11769,1
44615,3
527,1
13446,5
631,1
23190,1
47182,5
21418,4
38686,3
22658,5
8069,1
3326,5
1249,2
46377,2
45399,1
50779,4
23804,5
12600,4
29043,1
23088,5
33951,3
4335,5
13878,1
38027,5
12534,5
39686,5
34090,2
14,1
16818,3
46341,1
36052,1
17134,5
39955,4
35068,5
34817,5
2939,5
48523,2
32177,1
19434,1
1600,3
33841,5
12191,1
3796,2
19645,2
34620,5
43038,5
9134,5
51050,5
4582,1
34724,5
10420,1
27341,2
43040,5
32238,4
10876,2
27858,5
30097,5
25936,1
39449,4
13540,5
15501,3
32675,3
14516,1
48130,1
5953,2
40062,1
21567,5
12993,5
50505,5
29581,5
4122,5
28620,2
17118,5
42790,5
33849,5
11772,1
3833,5
37825,1
2278,5
45272,5
46022,1
31822,5
5065,1
43892,2
39358,5
34173,4
29280,5
6220,3
50386,5
16626,4
20352,5
1853,4
42872,5
48481,5
19652,4
8105,3
37570,3
31973,1
12669,5
8933,5
25037,1
18412,4
51159,4
25754,1
20812,5
7646,5
40567,3
25055,3
32765,4
16446,5
37553,4
47885,2
3019,5
14491,2
36748,1
38066,1
43997,3
10625,4
46159,1
19397,5
36568,1
44275,2
12319,5
33837,5
49391,4
18762,1
1499,2
40867,5
15909,5
20720,2
690,1
20571,4
25080,4
29159,1
2587,3
32058,4
3403,3
35008,5
29549,2
31425,5
45135,5
7443,3
3408,5
5,1
7959,5
37587,1
44975,5
10225,1
8873,5
12956,5
31314,2
47637,2
29054,4
8685,3
6788,5
50845,5
45987,1
35825,3
25175,2
41053,3
7148,3
7079,5
18570,3
32950,3
8962,5
13148,5
25420,2
46580,2
43880,1
49674,3
1835,1
35079,5
10319,2
42911,1
13692,5
13090,5
41756,5
6710,5
24857,1
10397,1
5703,5
1289,5
9421,5
15079,2
19550,1
31531,1
13558,5
6014,5
12983,3
20045,3
30175,3
41753,5
22875,5
26897,2
16302,4
29956,3
48899,5
31361,1
9369,5
1506,5
22400,5
37844,1
28011,1
530,1
45897,5
22522,5
48020,3
6484,1
32954,5
15701,1
29113,3
19676,3
6815,5
33661,4
49039,5
41334,3
16230,4
26516,2
13102,5
30776,4
46920,2
6636,5
7671,4
6991,1
22162,5
35195,5
36747,2
41843,5
35850,5
30900,4
46304,4
2946,5
5132,5
19298,1
45047,5
3159,5
8547,4
15806,4
34365,3
33454,5
19747,5
13341,5
1311,3
45849,1
21342,3
18712,1
26444,2
34056,5
41197,2
20582,4
18137,1
24502,5
35947,2
43862,2
31283,2
3163,5
39924,1
3401,5
14584,1
11993,3
6838,3
6042,3
20012,1
1151,1
35000,3
16713,3
17148,3
15508,5
25585,5
44437,3
25875,1
3012,4
7183,3
40591,5
26598,1
34463,5
9211,5
5246,4
50194,5
40280,1
21876,3
22771,5
5383,3
47788,4
46515,1
21196,4
6922,5
49743,5
11567,2
32236,2
22022,3
49248,5
35884,3
34854,4
13761,5
38322,3
12696,4
13185,5
39901,3
35751,5
3191,1
40694,5
27478,3
3176,5
16292,5
18308,1
4638,2
15714,1
29703,3
46514,1
41363,3
28492,3
4216,5
4758,1
1116,3
12435,5
29487,4
15460,5
21382,5
823,3
42552,5
39363,1
34544,2
38287,3
50607,5
18928,1
40465,1
9203,5
41115,5
12031,4
46818,3
3582,5
27119,1
505,1
47953,5
34947,5
4435,1
21442,5
32417,1
17025,5
31612,2
9073,5
42042,5
32157,5
1205,1
41252,3
15986,3
33611,3
20482,1
41164,5
17385,4
48590,4
15506,4
23798,3
35893,1
45458,1
10855,3
46002,3
22542,1
910,5
27381,5
11144,1
33632,3
33201,5
4496,3
32425,5
30227,5
38009,5
2608,4
48902,5
35982,1
33314,3
49394,5
21332,5
44102,3
32516,5
25094,1
26678,1
18858,3
41282,5
26677,1
22374,3
24294,5
8030,1
10175,1
14265,5
15099,1
21328,2
42512,5
23376,4
20158,3
15755,4
24439,3
48739,3
44822,5
35407,5
9499,5
35303,5
18966,3
942,2
12990,4
14665,1
16018,4
11928,1
39217,1
6452,1
48609,1
47931,5
30119,3
46770,3
46009,1
39342,3
44862,3
7117,2
36735,1
23930,1
37412,1
28765,1
39976,5
18994,1
49102,5
23751,1
29217,1
6093,5
7189,2
14112,3
43827,1
22056,5
14883,1
36235,5
8778,3
718,1
48451,5
46635,3
31916,5
25006,1
17738,1
38977,5
11161,4
30128,4
30829,3
32570,3
37877,1
483,1
6301,4
48970,4
8359,3
15801,3
47636,1
48338,2
29914,3
6792,1
12422,1
16078,1
26908,3
28669,1
42992,1
28050,3
10,1
44139,4
50017,5
4468,1
2313,5
6942,4
47255,1
21425,4
955,5
14985,1
20628,4
2541,5
1083,3
39876,4
9464,3
19690,3
39180,5
9302,5
3639,5
50058,5
31355,1
15919,2
47772,3
17653,3
13040,5
37970,3
41317,3
50603,5
20345,4
28724,2
6349,3
25726,1
16761,5
47960,3
21643,5
4152,5
46048,1
988,3
38089,4
14220,5
31003,3
21485,5
37130,1
38144,1
28845,2
5255,1
1845,3
31980,4
41804,4
48381,1
15845,4
2592,5
50716,5
8066,3
39671,5
50260,5
29535,3
26570,1
20764,3
44347,1
20958,2
11431,3
24868,1
14983,2
9446,5
30096,3
30779,4
18411,1
28088,4
36610,1
31598,4
41840,5
557,1
48821,2
51061,5
19950,3
6203,1
41729,5
15674,4
50702,5
9048,5
23062,5
25365,1
2805,5
10077,1
24775,3
15109,2
14725,1
4556,5
26979,4
50394,1
36971,1
29048,3
7940,3
25935,1
44041,2
35247,5
29247,4
27760,3
38604,3
22852,5
33385,1
4686,1
7747,4
19630,2
47000,3
3135,5
45476,1
35618,2
41562,3
16471,4
18499,1
10738,4
49341,4
13299,5
32539,5
13616,5
15551,1
11684,2
30665,3
24024,4
14537,2
32298,1
43981,5
24462,5
48660,2
3074,5
19145,3
38306,4
16359,5
16544,4
15682,2
36733,5
35432,5
19535,2
45543,1
24879,1
24608,5
14189,1
34680,5
11937,1
22042,2
14325,2
35007,1
37474,3
28498,4
20908,1
708,1
3862,5
32498,5
34263,5
3990,5
10960,2
38697,4
9573,4
41295,5
7328,4
11492,3
10902,1
40197,5
46151,5
33539,5
24940,1
42771,5
21469,5
2376,5
41138,3
24629,3
4547,1
46792,5
10138,5
36645,1
22263,3
22776,5
2186,2
37451,1
13986,1
11794,3
44466,1
31977,5
11576,5
21492,1
51177,5
32217,5
30077,5
50014,5
15208,3
27048,4
35980,1
23179,5
13013,5
34185,5
32286,5
2406,2
7099,3
18877,3
22651,5
44969,5
40960,5
21850,1
14389,1
36358,1
11681,3
29796,4
10296,1
29370,4
16793,5
29203,4
6845,1
27138,2
30314,2
16092,5
47263,1
20872,5
37942,2
5282,1
29580,2
11099,1
40563,1
5311,3
5151,1
36363,3
1578,3
12345,4
5547,2
2487,4
23529,5
13666,5
50273,5
22831,5
23623,5
16638,5
10561,1
33701,5
48898,1
11114,5
16161,5
49714,4
14272,1
29141,1
45323,5
31147,5
28839,3
16456,3
48109,2
16989,5
29028,2
14638,1
1144,3
23111,5
38614,5
36931,1
18136,1
37742,5
26847,1
29469,3
33765,4
6201,1
47385,3
9846,1
40441,5
24622,5
7202,3
13129,5
48850,3
33237,3
4022,5
50677,5
2972,5
14000,1
12338,5
17482,5
25018,1
7934,4
42310,2
25292,1
21998,1
49477,5
17950,1
11936,5
4484,1
18545,1
11248,1
42237,1
38378,3
22749,1
26317,1
2167,3
14855,5
250,1
30191,2
41774,5
30928,5
12405,2
8330,1
29504,3
35152,5
17796,2
36814,4
32896,3
38202,5
37622,3
4864,3
13317,5
19232,1
35508,2
9516,5
11613,3
39148,4
40391,5
28805,3
50425,1
26602,1
25483,1
5584,3
45974,5
46067,1
44376,3
23212,5
8367,5
12718,5
50255,5
16298,1
45357,1
35159,3
11211,1
38420,5
40794,1
16962,5
31451,1
11343,1
37834,2
4108,5
39520,1
39774,3
28017,1
24939,1
40035,1
35069,5
10358,1
2938,5
27452,4
13817,5
8233,4
5481,3
45592,3
9307,5
19395,1
8703,4
32820,3
51049,5
28035,3
36547,4
22521,5
49643,1
47774,4
2617,3
39917,3
50663,5
50963,5
45344,1
39441,3
44492,1
25329,3
27543,1
16322,5
3684,4
40095,3
42426,5
20632,3
1965,5
9392,5
49410,5
48186,3
15811,1
8345,5
51255,5
4792,1
9065,5
42985,5
6556,2
11901,5
47968,1
38454,5
13179,5
21588,4
25871,4
11951,1
26844,1
8921,5
32654,4
21750,5
33363,5
44207,2
47532,4
23773,1
39680,1
27248,3
9820,2
27596,1
45706,1
42981,5
20593,5
41445,4
21106,1
38786,3
34969,5
22257,5
23063,5
16372,2
23311,4
18597,3
27419,1
41640,5
44002,3
4529,1
44262,2
28976,3
37484,2
38411,1
1448,4
12774,3
46916,3
14601,3
48998,4
50439,5
9977,1
49526,4
17441,5
44126,3
48321,3
1316,3
366,4
41695,5
20277,1
15980,1
28471,2
855,5
45715,1
27428,3
35590,5
10849,3
49644,4
50110,5
13915,4
51089,5
28174,3
5658,1
17217,5
29213,3
41939,4
28137,2
41085,3
49163,5
233,1
20783,1
9222,5
15142,1
7583,4
38852,4
31465,1
10704,1
24547,5
18875,3
18397,1
43483,3
46350,5
39743,2
9748,1
20602,1
41800,5
27929,3
37175,1
28501,3
32466,4
32880,1
31684,3
31763,4
1221,1
45275,5
40569,4
46530,1
7626,1
22434,5
44834,3
45777,1
43560,1
23713,5
28192,4
27069,5
31482,3
49168,4
29166,3
3962,5
11788,1
1823,4
32115,3
99,1
26191,3
28329,1
42800,5
43138,5
9825,1
8863,5
6325,1
18325,1
15522,2
19399,2
23196,5
9931,1
30727,3
6889,1
27921,3
22665,5
47924,3
43406,2
26109,1
46008,1
5593,2
24368,5
13130,5
15810,3
32063,3
30402,3
35933,1
2247,1
18446,1
34422,1
10842,1
35571,1
34181,3
48316,4
42624,5
10422,1
7859,5
40722,5
26445,1
10805,5
22973,5
31037,3
29776,4
5522,3
2669,5
37842,3
25891,3
27354,3
48553,1
32626,5
39063,5
42244,5
27882,4
9670,1
35046,1
31558,5
1487,1
6440,3
35083,4
45462,1
51140,5
12149,1
47096,5
6015,3
23006,5
22393,1
15420,2
37063,1
1120,1
19058,5
29638,3
48667,3
15725,1
43292,4
11507,2
43610,1
22219,3
48200,3
34889,5
50903,5
29306,1
41002,5
21664,3
44699,4
10801,4
25990,1
40433,5
22430,5
48021,3
46156,3
21994,4
51136,1
42017,5
40806,5
4472,1
9582,5
2658,1
50290,5
17258,5
27469,3
14947,1
26323,5
23816,3
4110,1
39321,4
51016,5
44586,5
46919,2
16534,5
4311,5
1134,1
35799,1
11470,5
27649,1
42275,5
37997,4
6882,4
9171,5
3843,5
8798,5
13176,5
20315,1
1370,1
13709,5
20234,4
3389,4
14014,1
11106,1
45255,5
7722,4
16502,5
34731,5
28015,3
7830,4
51067,5
34266,5
44427,5
43195,1
15889,3
38763,3
39932,3
39198,3
33034,1
30264,5
33832,1
17075,5
28063,5
9331,5
1642,2
22361,5
20052,1
6397,1
17691,1
40655,4
43646,5
31596,2
49996,3
6909,4
18573,4
21199,1
35920,5
31472,4
47475,2
1699,2
36287,3
28116,2
27625,1
44152,3
35034,5
32265,5
47978,4
33954,5
36905,5
35328,3
21760,5
15150,1
45792,1
28157,2
22065,5
17147,3
15033,3
21362,1
29577,3
14539,3
26645,3
4325,5
6098,1
2478,2
15174,2
47525,3
44452,4
9007,5
8170,5
13959,1
21246,5
24001,1
3852,5
46951,1
31832,3
2340,2
9674,5
4698,1
32103,5
25695,1
40666,5
20375,2
14634,3
22217,3
21042,1
6911,1
21754,5
854,1
38483,2
27528,4
49695,1
39782,2
14998,2
42038,5
21505,5
15660,3
2428,3
30879,4
23091,5
44944,5
18631,5
37364,1
5465,1
3626,5
26382,1
20359,4
9949,4
8526,3
5782,3
46816,1
13282,5
19251,2
25890,4
44327,3
5638,3
24675,1
15215,1
35009,5
43852,3
40226,4
21746,2
2552,4
5826,1
27585,2
12038,1
28154,4
4500,2
1141,3
33498,3
44887,3
26429,1
7338,2
3643,5
25666,1
1671,3
15468,1
32935,4
28960,1
33609,1
22859,5
37318,1
16168,4
7156,5
44284,4
29167,5
2773,4
27700,1
40034,5
10470,3
11342,4
43994,1
39293,5
45286,5
20027,4
6079,5
34159,5
21846,3
41816,5
16538,3
49380,4
51109,5
22202,5
1535,5
44319,1
48520,1
51111,5
20556,4
19985,1
9233,3
36973,1
38696,2
48565,1
42558,5
14711,1
34983,5
25182,1
47496,3
48878,5
49350,4
49415,5
20500,1
39473,1
13273,5
41954,5
16039,4
32132,3
19562,1
45115,5
26372,3
21002,1
34437,5
40312,5
13745,5
7238,2
18278,1
6004,5
23234,5
37772,1
22050,2
19373,1
37625,5
38325,1
27359,3
35741,1
14881,5
25892,1
33261,5
13196,5
20876,5
46561,5
27917,5
38735,1
21964,5
50441,5
18773,2
31128,3
46761,3
8624,4
3807,5
51252,5
34852,5
25577,3
20008,2
45625,1
5647,1
34859,5
32356,4
25709,2
33265,5
24171,1
23953,2
49360,5
44710,5
18458,1
22394,5
40294,2
49059,4
22997,5
5280,5
1809,1
37969,3
6628,1
33441,4
13992,1
9106,1
32769,4
34095,5
38893,1
23057,5
41437,5
50176,5
26326,1
769,2
20731,2
18114,1
47262,3
14184,4
42797,5
19185,2
12290,3
26256,1
24032,1
36524,1
8375,5
31269,1
20312,5
17202,5
49406,5
5859,1
30382,5
44397,4
43923,1
47459,2
45268,2
2822,4
19158,3
43577,1
26295,1
38320,1
5015,3
32870,3
42563,5
50483,1
12722,5
1278,4
20319,2
47132,1
14892,1
44588,5
5169,3
18835,3
6976,4
1468,1
22920,2
18258,1
43217,1
8234,5
31143,1
49906,3
38006,3
17184,1
6216,5
23936,1
49864,3
8669,5
41818,5
45769,1
3470,5
40223,4
38967,3
49988,3
40304,5
3483,5
8710,4
4434,1
50782,5
46962,1
26023,1
40677,4
49771,1
13105,5
897,4
34086,5
39995,5
17602,5
42348,5
25839,2
18737,1
12947,1
8159,5
50218,5
15951,3
30133,3
24011,2
50553,5
33397,4
39095,1
15823,3
37646,3
47708,2
12499,3
146,1
26514,4
3424,3
48161,2
41426,4
3240,5
28148,5
42428,5
27296,1
31575,5
14442,5
12510,5
1367,1
35223,5
2833,5
4132,4
237,1
4604,1
47045,5
15856,3
50231,3
42307,4
34709,5
6403,5
34807,5
25325,1
7188,5
11100,1
3881,5
2701,4
38065,3
29067,4
44994,5
35445,2
49724,4
38673,4
11255,3
16870,5
14825,1
307,2
50728,5
2870,5
14318,5
19204,1
7523,2
23284,5
11026,2
33737,1
39333,1
24142,5
5891,1
49779,4
19274,5
29333,2
881,2
42640,5
13126,5
31921,5
42672,5
48599,1
27258,3
50422,5
2636,5
38282,1
825,1
19105,1
42921,5
25489,1
35896,5
26146,1
29329,5
44839,5
26520,2
22476,4
22520,5
39107,3
30635,4
44805,4
22208,5
16398,5
34345,5
12137,5
39797,3
27382,3
48292,4
47131,2
10795,2
35603,5
33634,5
46900,1
50998,5
22527,5
4689,1
19699,5
47878,4
28560,3
489,1
29047,1
7481,1
38981,3
45363,2
2222,4
31417,3
46928,3
9020,5
339,5
34346,5
3206,3
17032,1
42918,5
17323,5
27197,1
28869,1
8916,4
41681,5
21296,5
48391,3
23808,5
21409,4
37750,1
20029,1
43538,2
36967,1
12798,5
22209,5
46074,1
10977,4
26309,1
9275,5
4826,1
49031,4
1192,2
33766,3
42389,5
2744,4
42427,5
36032,1
26000,2
3539,5
49920,4
41398,5
12223,5
23709,5
18849,3
22190,3
20651,1
6596,5
21666,3
47353,3
6751,1
11655,5
14610,2
40090,3
19490,5
2452,3
24831,1
6665,1
39935,5
13194,4
45882,4
6735,4
42161,5
49252,3
45608,1
2738,5
48470,1
50460,5
6299,1
40133,2
26954,1
23813,1
16853,4
35086,5
3811,5
5969,3
21417,1
10512,1
12214,3
39120,1
39750,3
8974,2
20856,2
25276,4
40704,5
12503,2
45423,1
3256,4
2857,4
37457,4
22436,4
36471,3
42984,5
10415,1
18871,4
1848,3
35918,5
45573,3
28629,5
36751,3
23362,5
4177,5
29617,4
42641,3
30647,3
28010,1
3527,5
35476,5
2326,4
9397,4
21863,5
31798,5
18303,1
4606,1
49476,1
5808,1
13782,5
18736,1
27680,4
32615,4
44158,3
33169,5
42314,5
25053,1
28640,2
41395,3
29759,5
35766,5
45954,3
4561,1
35030,5
12232,5
34939,1
5397,1
1782,4
21899,3
37177,1
6804,3
7910,5
1558,5
1472,1
31617,3
50001,1
39393,3
31537,4
35890,5
1228,4
3160,3
24792,3
41810,5
42236,4
21059,3
17835,1
28835,3
1048,1
11073,3
5106,1
9481,5
22111,3
36250,1
3636,5
14490,1
4634,5
40479,5
49269,3
553,1
37241,1
4817,1
44180,1
10395,5
43282,1
31205,4
5835,1
1760,1
1330,1
44932,5
23877,1
13161,5
26506,2
10758,1
26443,1
40085,1
1434,1
36245,1
6673,3
24468,5
43479,1
14866,1
29830,4
18233,5
12556,5
33680,5
1827,3
20275,5
7108,3
4344,5
106,1
22737,5
8393,3
47985,1
13016,1
49293,1
22633,5
6624,1
47520,1
41751,5
37826,5
29083,3
15134,3
40993,5
37268,1
28084,1
32016,5
30819,2
39329,3
2102,5
25829,1
12326,4
42776,5
19730,1
34211,5
31924,3
8550,5
26066,2
16864,5
46286,1
23281,3
6401,3
37572,2
40865,4
19749,1
29989,3
28114,2
13910,5
29327,3
33283,5
9351,5
36392,1
1469,3
17571,5
36135,3
14713,1
14414,1
11452,5
2154,5
1382,1
22709,5
22381,5
26049,3
16839,1
19005,3
45339,5
8932,5
5561,3
49004,4
19059,3
20534,5
47948,4
45488,1
19922,3
10846,4
39566,4
29630,3
23957,2
17483,5
33167,4
20271,5
34458,1
34548,5
4105,3
23337,5
27806,1
23906,4
43925,5
35166,5
14126,1
50066,5
37582,4
26910,5
17332,5
95,2
35449,5
30979,4
16290,5
9710,1
2236,3
7868,5
16570,3
29634,3
9790,1
26656,1
29550,2
31024,5
6646,5
14439,1
16976,5
19331,1
23229,5
31000,5
25155,1
16510,3
16939,4
14376,5
14079,1
13846,5
28240,3
20162,2
42570,5
17597,5
41490,4
11975,5
19525,2
1203,4
29619,4
48594,4
43567,1
198,1
29540,3
3945,5
5122,1
19289,3
15184,1
22,1
10945,2
19792,3
17740,1
19522,2
14722,3
36317,1
23884,1
43233,1
6639,5
7070,4
9228,1
12304,5
49550,5
30911,5
662,1
27959,1
42162,5
43126,5
51168,1
3783,5
27098,5
46752,1
36160,1
11543,4
13997,1
1481,3
41298,3
49082,3
8606,5
40786,4
30118,3
6963,4
23530,3
22936,5
1568,1
4208,5
24518,5
22106,5
13210,1
50570,3
5669,1
16405,4
46255,1
19603,1
47831,1
48302,1
20417,2
12216,1
40496,4
2091,1
24895,1
13300,5
24551,5
33444,5
5188,1
15698,1
36318,1
42051,4
48783,3
11032,1
17736,1
15819,3
42711,5
21774,2
9623,1
49340,5
10535,1
26993,1
4402,2
23265,5
49837,1
19194,3
30253,3
4043,5
23802,1
18748,1
48490,3
32659,5
10404,2
44774,5
23787,1
35537,5
50412,5
974,1
17083,5
29863,2
33000,5
16586,3
17656,1
20802,4
39792,4
39380,3
17431,5
8742,5
6831,1
47060,2
34790,5
2446,5
50267,5
15973,1
49231,3
20208,5
8662,1
50694,4
25041,4
29184,2
24808,5
20218,3
20473,4
49224,1
8286,5
38180,3
353,1
6012,1
29406,4
20001,1
20589,4
48651,3
39139,3
35606,5
27714,2
42931,5
19354,1
16587,3
40009,3
19157,4
6081,1
25823,3
26833,1
2803,3
38327,1
15327,4
24146,3
23506,5
2371,1
572,1
50085,5
33714,5
8465,3
40610,1
14567,1
27725,2
28824,3
20051,2
7270,4
6449,2
5930,1
23493,5
36302,2
36080,1
7756,4
3305,5
4965,1
30534,5
31440,4
41029,5
32815,3
5288,1
9076,5
33352,5
48603,4
41674,5
51202,4
16658,1
49192,3
3445,4
13077,5
17012,1
14944,1
7424,5
4245,1
39259,5
22415,1
19563,1
38140,4
46232,1
22553,5
13121,5
5920,1
25314,1
4749,1
9485,4
1127,3
51085,5
37394,3
51174,3
16524,3
45906,1
19040,3
8247,4
3675,5
11544,3
9746,3
7271,2
32790,5
10580,5
8489,3
27083,1
6958,4
4163,5
19817,4
38792,3
10822,1
48495,3
17668,1
39895,1
26790,2
365,3
33850,3
18463,3
44476,5
19053,2
4968,3
13432,5
4760,1
34760,5
18400,5
38877,5
17009,5
21367,5
30651,2
17353,4
50712,4
26952,3
32273,3
41080,5
44483,5
3126,3
30601,3
37321,3
38556,1
2629,5
46774,1
29403,2
25797,1
36960,1
25122,1
27049,3
46505,1
37687,1
15872,1
20306,5
51006,4
30487,1
30896,3
18956,1
40984,5
47357,2
31307,3
39560,5
38702,1
47673,2
24214,1
41292,5
35917,5
1861,1
396,1
48112,5
11360,5
34059,1
21482,2
32031,3
35858,5
21933,3
23180,5
39134,3
7415,2
32783,5
11946,3
17664,1
18565,1
19712,1
38675,1
11979,1
19795,3
21503,5
39225,4
16785,4
19848,1
8653,5
36779,5
44417,1
37097,3
33834,5
25843,2
44044,3
21112,4
11346,1
9763,2
47047,1
8459,3
15105,3
3178,5
7548,4
38835,5
6266,1
35730,5
44432,3
16119,3
49318,3
9889,3
8151,5
9259,5
25584,1
39778,3
1630,4
45719,1
41261,5
11652,1
9283,5
25608,1
31264,5
6443,4
27558,3
35112,5
5883,1
2868,3
23392,3
1713,1
31507,5
4000,5
2743,5
40612,5
32936,4
47689,1
23876,1
32778,1
1614,1
270,3
24325,4
3384,5
19970,3
35733,3
30326,3
28193,2
17809,4
48598,2
48841,1
20260,4
23633,5
44849,3
48533,4
20019,2
22559,1
1353,2
34055,5
7114,3
2831,3
8746,5
5325,1
42819,5
44005,1
12199,3
3309,3
23821,1
49630,1
21823,3
48709,2
31403,4
48262,1
31643,1
38996,4
30774,1
29934,5
48404,3
24017,2
21457,4
22971,5
50042,5
42875,5
48357,3
28914,2
21841,4
11069,2
39202,1
10891,1
7462,3
35305,5
26808,1
24000,1
44446,4
27601,1
28516,4
8303,5
26911,1
47178,4
32831,4
14221,3
22977,5
29169,3
5170,1
39254,5
21890,1
11046,1
38078,5
46711,4
39219,3
11532,2
51226,1
20607,4
50809,2
36743,3
138,5
20334,3
50855,5
50896,3
21896,5
15897,5
40462,4
27923,5
19184,2
19609,4
37574,2
49465,4
19173,3
18207,1
24043,1
2505,5
40080,3
3171,5
23118,5
30552,1
47467,4
48579,1
27973,1
2715,4
24929,1
17393,5
32073,4
12687,2
3503,5
26580,2
28524,3
44614,3
34685,5
36935,5
11285,5
28234,2
6613,1
42970,5
1411,5
33310,4
29478,1
4790,1
27408,1
39829,3
48078,1
33431,1
12307,5
9325,5
36462,2
8322,3
47733,2
43842,3
31424,4
36165,1
40373,5
29181,4
1250,1
40590,5
43100,5
36903,1
20128,1
26075,1
21653,5
31928,4
41899,5
50005,5
25338,1
5958,5
44296,1
30833,5
13923,2
45182,2
28538,3
10423,2
42165,5
22777,5
43325,1
46383,1
49378,2
23860,1
30949,4
12242,5
16676,5
35922,5
25362,1
17599,5
29664,2
48136,2
17309,5
10845,1
33332,1
22740,3
16422,3
35821,5
45433,1
18456,1
26411,1
26255,1
23755,1
28907,3
11596,1
9193,5
50968,3
12673,5
50772,5
30526,1
26648,1
21575,4
30357,3
21809,5
27052,2
38886,4
3999,5
30795,3
23969,2
31111,3
25945,2
49095,4
12343,1
15969,2
29492,1
13309,5
12278,3
4808,3
16716,5
48887,5
21692,4
3022,4
18343,1
38528,5
15543,3
36861,1
14094,5
23898,1
38379,4
39479,3
38368,1
23480,3
5874,1
12487,5
42749,5
12829,4
50597,4
49365,5
30575,1
11365,4
44175,4
7751,3
18526,2
50559,2
23199,1
24653,1
49849,5
12816,5
33880,2
50640,5
27191,3
50839,5
46602,4
9903,1
22655,4
4039,5
43024,5
3820,5
29205,3
13292,5
49917,4
30267,1
30203,3
17976,1
23772,1
2593,4
39859,5
43185,3
12991,5
6252,1
21716,1
49266,3
49165,4
32129,5
25985,1
42187,5
47771,4
22488,3
30327,5
19014,1
30930,2
13403,5
50141,5
28459,3
39902,3
25696,1
22135,2
15333,1
5091,3
47330,2
24811,2
41652,5
13152,5
190,3
25599,4
37456,3
26513,1
35038,5
44848,4
25136,1
20895,3
17580,4
11623,3
17336,5
50696,5
49311,5
43721,2
45461,1
33067,4
667,1
40843,4
41615,5
954,2
44954,3
45711,1
4944,1
51130,5
14044,1
34774,5
2233,3
16267,5
27962,2
4223,5
5129,1
31894,3
12324,4
913,2
37836,1
22327,4
31429,5
44855,3
35899,5
43480,3
43226,1
25806,3
1101,1
34515,3
12015,3
7062,4
29437,3
5652,1
9459,5
48304,4
10900,4
22678,5
28110,3
48319,1
49682,4
5415,2
19738,1
47646,1
45801,4
5193,1
8480,4
36574,1
21025,4
26484,2
10971,1
48884,5
2932,4
43958,5
19410,5
37420,5
43954,5
33103,3
36723,3
30307,3
25363,1
3045,5
3710,5
40285,4
32707,4
48558,1
49407,3
19549,1
27338,3
14011,2
23149,5
4950,1
20950,5
27029,3
49877,5
21132,2
19943,4
26858,1
31519,1
26736,1
34176,5
18361,4
30315,2
21011,5
32756,5
27037,1
36456,1
4682,1
10748,5
20963,4
14806,2
42747,5
30046,5
36799,1
21738,4
35758,5
41383,4
47644,5
4553,3
16909,5
22443,5
34692,5
30807,3
17888,3
35047,1
39350,1
17783,3
27544,5
8564,5
19991,1
32573,5
41243,5
846,3
13768,3
7734,5
47252,3
15976,3
24965,1
31620,3
29839,4
37932,2
2804,4
18297,1
9294,5
26027,2
26200,1
3213,2
4173,5
11273,1
18214,1
1590,3
30566,3
42374,5
17694,1
47603,1
3119,3
35714,5
24759,1
20673,3
30442,4
19566,2
6359,2
35712,5
21864,5
19215,2
6023,3
49725,4
5917,1
27141,3
44077,3
49702,5
8307,5
24607,5
11190,1
24275,3
26316,2
30982,1
43030,5
1170,2
1288,1
24581,5
45504,1
30820,2
13912,5
1913,4
24389,4
30415,3
40547,4
18595,1
21647,4
33027,5
37485,5
50190,5
32641,4
41827,5
29738,4
8912,5
50389,5
2121,1
25449,2
7732,4
9449,5
5904,3
10469,4
42803,5
21443,5
13370,5
24683,2
46938,1
13507,5
31963,5
34911,5
40861,5
35196,5
44073,1
37596,1
47972,3
41172,5
43012,5
31747,5
48919,4
27325,4
20434,4
15680,3
23700,4
27813,2
21484,5
26020,3
36092,1
22638,5
18043,1
155,1
28290,1
40177,4
21927,4
26103,2
33908,5
4417,1
8572,5
46700,1
48083,1
47543,1
11270,1
41780,5
27040,2
13099,5
36068,1
50613,5
21351,4
56,1
19151,1
3538,1
40868,5
2869,5
25077,2
33988,5
36145,1
14137,1
23068,3
50481,5
34970,5
15369,2
4401,1
16738,4
19655,1
1847,1
44186,3
12736,5
5432,1
8955,3
39011,2
43447,2
11091,1
5147,1
29058,3
24289,4
17434,5
39649,2
42880,5
46746,1
47746,3
27689,2
36336,3
12478,3
42941,5
37748,3
44519,3
22731,5
16893,4
7542,3
28875,5
43259,2
4017,4
31679,5
27899,1
22534,5
5173,2
49153,4
12792,5
16661,5
32049,5
47663,1
39243,4
14371,1
40376,5
43164,1
50137,5
1692,3
48753,1
21519,3
7034,3
38783,1
34054,5
19703,1
9153,3
17939,1
30288,4
21344,5
2692,4
1931,2
5012,1
5741,2
45962,1
25940,5
23932,1
32188,3
36133,1
636,1
2638,5
40344,3
26490,1
46147,1
46760,1
19812,2
42037,5
48067,5
11668,1
33541,5
2227,3
49706,4
7990,4
22076,4
10396,3
9766,1
49397,4
21970,4
9081,5
26195,4
45113,4
39613,2
29944,1
16928,5
14969,5
45744,1
16086,1
1925,5
26001,1
45947,1
39477,5
20415,3
24273,4
26901,1
23962,1
30799,4
45614,1
43971,1
49873,1
4205,5
20363,1
13639,5
14327,1
13032,1
37049,1
27050,2
17254,5
13046,2
13549,5
1870,1
19876,2
47378,2
12602,3
16602,1
45738,1
35487,4
3477,5
4194,5
44146,1
17292,1
7186,3
22062,4
10772,1
50795,5
30304,3
30715,1
38463,1
40289,5
5234,4
49417,5
3101,5
10878,1
31377,5
21413,1
34768,5
34080,5
15562,3
8049,5
39708,4
33757,5
7784,1
31535,5
22586,5
1290,1
42228,3
30249,3
5792,5
14963,2
10244,3
15640,5
7256,3
20941,2
12268,3
3645,5
30518,5
19636,1
9633,1
45209,5
32216,4
45283,5
47979,5
25857,1
23849,1
3655,5
47070,1
35421,3
32766,5
17765,1
46006,4
37253,1
19026,2
39286,3
17928,1
36091,1
50496,5
2383,3
12450,5
12530,4
49862,1
21024,5
17386,5
12366,5
32435,4
27683,1
44228,4
4452,2
14502,1
46990,2
26374,2
7635,3
12679,5
40087,3
44290,3
18669,1
46543,3
9086,5
19216,4
37216,1
11312,1
19193,3
25995,1
149,1
50849,5
24010,2
2158,1
7981,4
12973,5
50869,5
35881,4
11330,1
25333,1
20065,2
12675,4
21241,3
46320,1
13925,5
5392,1
42792,5
27187,1
14941,4
26886,1
27898,3
17496,5
38550,3
35257,5
35873,5
969,1
5451,1
27861,4
5412,2
38181,4
42548,5
15721,3
8294,3
40048,3
11293,2
11568,3
47227,5
35279,5
21125,2
30142,3
29920,5
45481,2
48643,3
7570,5
10742,1
16150,3
28033,1
19052,3
5490,1
8563,5
23658,5
13555,5
20464,3
11216,2
29127,1
39485,1
37901,4
2129,1
35591,1
917,2
18300,1
20142,2
49751,4
47009,3
2504,4
43590,1
28186,3
4447,1
43107,3
3673,5
12305,2
8782,1
24680,1
28844,4
2358,3
46378,1
18988,3
31836,4
46189,5
24885,1
15888,3
12379,5
10092,1
43707,1
44912,3
39975,4
12994,5
40156,1
4837,1
23610,4
3701,5
37168,1
5327,5
2699,4
22480,4
33081,5
6466,1
1520,1
1584,2
49632,5
13485,5
50131,4
10351,1
19857,3
131,1
41286,4
10436,1
38174,4
43086,5
14678,1
256,1
43113,5
20745,4
37454,4
28727,2
14580,1
18862,1
51200,4
15012,1
19286,5
26612,1
27240,1
3759,5
42729,5
24143,1
49611,3
17454,4
43116,3
11085,2
13220,4
12256,5
8386,5
16678,5
18386,1
18837,2
19426,1
7349,5
41863,4
16707,3
30927,3
21087,4
49400,4
23255,5
11352,5
5130,1
15372,2
23836,3
4866,1
44739,5
770,2
9266,4
1293,1
22382,4
44556,5
10503,2
4256,5
117,1
47668,1
10027,1
37438,3
31441,4
50212,5
47074,2
29164,3
22903,4
33513,4
48043,3
3663,4
32625,5
42816,5
4005,5
42798,5
51014,2
39364,3
48268,3
26277,1
46441,1
29183,1
15983,2
1608,5
42894,5
35161,3
13052,1
44990,5
48780,4
38691,1
39264,1
25242,3
49018,5
45353,5
24785,1
3980,5
8958,4
40863,4
24038,4
20813,5
39432,3
34799,5
13262,5
41718,5
36913,1
25441,1
28966,2
12153,3
9315,5
18758,3
19084,5
35830,4
5827,4
12042,1
31895,3
31278,4
37047,1
630,1
18000,1
43456,1
4341,1
1456,4
27599,1
10533,1
49487,5
33556,2
5746,1
24246,3
5044,1
25115,1
47778,4
33958,3
10821,1
19956,1
51132,5
36590,2
41508,4
28179,3
22321,4
32420,3
11856,5
18480,3
27304,1
35761,5
27681,1
26982,3
42104,3
50192,5
6375,1
31120,3
4534,5
17350,5
5152,1
9497,5
37696,3
26401,1
5148,1
38820,4
43343,1
847,1
16653,3
15300,4
13178,5
25594,1
6467,5
5598,3
40382,4
29423,2
31979,5
36930,4
6016,2
28619,3
42782,5
1494,3
7116,3
46287,2
41837,5
43015,5
25919,1
28885,4
25991,1
8450,4
29940,4
29360,3
19267,1
49362,5
16286,5
14614,1
13938,2
16171,5
34229,1
38941,3
805,5
4740,1
41109,4
8740,5
24791,1
50150,2
42958,4
42388,5
29827,5
2426,5
49306,1
45672,1
18643,1
15147,1
50934,5
8536,1
45444,1
22653,5
40829,5
14059,1
42577,5
24944,1
17461,5
6987,1
44835,4
3054,5
23374,5
1832,5
31911,4
50257,2
34362,5
32944,1
41763,5
9740,1
31273,2
47394,2
32127,5
44051,4
40912,5
19188,3
11812,4
1696,3
4437,1
18630,3
19302,4
34779,5
1195,1
31554,4
28026,5
24484,5
48601,4
43675,2
1863,5
8381,2
47078,3
15961,1
7535,2
48530,4
9430,5
16275,5
10905,5
26321,1
6814,1
10664,2
21932,3
28791,1
24188,3
31694,3
46839,1
5337,1
11491,3
32652,2
5494,1
33574,4
17731,1
44225,1
6206,4
9565,4
10777,2
8029,4
35274,5
24573,5
43798,1
12243,1
28803,1
42801,5
3475,5
11905,4
23021,2
47110,2
19365,4
47849,3
11489,5
6758,1
15636,3
4609,1
3187,4
2906,4
35203,5
33184,4
24229,3
29710,2
41418,3
50415,1
33546,3
20697,3
44634,5
15938,1
21992,4
8580,5
49204,3
6875,4
45364,2
43271,1
3844,3
7946,1
36071,1
45131,5
21313,5
40050,3
50585,5
3238,5
11468,1
7579,3
25282,1
24369,5
43295,1
2336,2
49272,5
37411,3
37612,4
30589,2
13206,4
49974,5
2764,5
24455,5
33952,5
7550,3
10274,2
5736,2
49098,5
5851,2
26673,1
40740,5
29361,3
7127,1
36599,5
3061,2
16855,3
20676,3
3073,4
1400,1
37985,4
4412,1
36379,1
10767,2
7214,2
42716,5
11456,3
27550,1
31007,3
29020,4
37961,1
48033,3
39053,4
36267,1
13322,5
37601,4
48165,3
44258,1
33033,2
37104,1
49480,4
34875,5
8821,5
22343,5
48810,3
2904,1
18617,1
20590,3
50482,5
42219,5
19911,3
22767,5
45440,1
46025,1
12544,4
45817,2
9408,1
18389,2
22477,4
8947,5
8327,5
42653,5
29554,3
42331,5
18985,2
47723,4
50309,4
22431,3
2267,4
34905,4
11519,5
44779,5
39768,1
12233,4
32111,5
44125,5
35351,3
22774,5
12811,2
33057,3
41411,5
36999,4
47779,4
32559,4
6986,1
8014,5
41004,5
12738,5
33751,5
13213,2
26822,2
49356,4
24444,4
10257,1
18525,1
21710,4
4160,1
7136,5
22843,3
21191,5
12261,5
261,1
43370,1
25142,1
14707,2
9179,5
31150,5
50825,5
42410,5
21026,4
35706,5
44088,1
41487,3
19665,1
7166,4
5617,4
33465,5
27025,3
42497,5
2290,4
17448,4
6985,2
28998,2
10283,1
11708,4
47592,3
41745,5
41768,5
24438,4
48920,5
36598,5
17848,1
6068,2
50365,2
17754,1
26776,2
25255,1
28197,5
15119,1
7153,4
50616,4
26729,1
7406,1
4218,5
37183,1
15188,3
45288,5
48791,3
12629,5
25241,5
39647,2
14986,1
3084,5
6169,3
39438,4
50943,5
44749,5
27836,4
40613,4
26352,1
39171,3
43372,1
40784,5
40082,1
25059,3
23253,5
32327,5
45939,3
13084,5
40430,5
34906,1
35910,5
27531,1
9735,1
45468,1
861,1
36949,1
6066,1
38700,5
32578,4
30214,2
28868,1
22071,5
26519,1
22006,1
39699,5
29030,1
36874,1
9732,1
39046,3
17974,2
22712,1
47736,5
31955,2
39468,1
16142,5
38945,3
27137,1
13217,5
7740,3
12935,4
687,2
24795,2
35491,5
4544,1
4178,5
18711,2
45457,1
14234,1
6045,1
48976,5
22088,3
30098,3
26828,1
5949,3
10835,1
7206,5
47711,2
9804,3
41919,5
6435,5
16848,4
15918,4
19516,1
36893,1
41493,5
46068,1
9001,5
35713,5
39157,1
36434,1
5597,3
9043,5
6789,3
33815,2
11138,3
33544,5
47348,3
48371,4
35134,5
33062,5
12842,1
44505,3
45271,4
39425,5
6297,1
1447,1
48585,3
10105,1
22984,4
9734,2
33065,3
34700,3
17168,5
29660,2
46109,1
39514,4
13530,5
16625,5
49572,5
6293,5
42286,5
15647,1
43071,4
11229,4
5294,2
37133,1
50707,5
46036,1
40581,5
14703,1
36427,2
50506,5
30136,3
49916,4
5501,4
41825,3
10930,5
47035,5
7239,4
40180,4
1754,5
49037,5
44332,5
46332,1
36220,1
7625,2
37638,3
35206,5
43018,5
9282,5
9433,5
23083,5
41724,5
5793,3
27516,1
19548,3
12443,4
27822,3
48004,2
41096,5
32004,2
9614,2
36159,1
48419,3
12827,2
38682,1
7825,1
25108,3
28262,1
46671,5
39665,3
25504,1
42611,5
29178,4
6330,1
1516,1
18676,1
45714,2
6258,2
24371,3
36823,5
21671,5
5026,3
16726,1
32158,5
23859,1
32048,2
31710,3
42285,5
14750,1
2798,3
29805,4
19172,1
8903,5
40732,5
37628,1
15974,1
26695,2
24947,1
16953,5
39602,1
36315,1
672,1
21550,5
44857,2
16021,3
7083,3
31757,5
12185,1
32973,4
42442,5
41687,1
30878,5
2077,4
40548,2
761,1
16729,5
40231,1
27657,1
44788,5
34594,5
36301,1
12321,1
19590,4
13637,3
1260,1
13362,5
14117,2
24029,2
22924,3
41584,5
26987,1
50121,5
28287,2
4774,3
46850,2
31812,4
32326,3
2716,5
11864,2
33469,2
26766,3
47647,3
7360,1
31725,4
1795,3
15921,5
3948,4
3624,5
939,1
15049,2
26221,2
17401,4
18648,1
25669,1
36546,2
1384,1
41847,5
45306,5
78,1
44455,3
11252,1
28268,4
40065,5
20696,3
11449,1
35372,5
6106,5
4068,5
42446,5
30637,3
22730,5
6261,1
25745,1
27420,3
45019,1
6116,2
46519,2
27234,1
43192,3
29865,1
18449,1
18074,1
32474,4
17574,5
29790,2
22323,5
8353,5
26249,3
8169,1
779,2
46478,1
4584,1
11741,1
8416,1
23164,5
10539,1
47710,1
30162,3
46929,1
23970,1
47204,2
19709,1
22026,5
50396,1
29579,3
25050,2
3071,1
44295,1
576,2
21483,2
28729,3
30944,4
18332,1
4144,5
35228,5
28086,1
35694,5
15540,4
49957,4
34381,3
5171,2
826,1
11673,1
12717,1
41257,3
23689,5
2137,1
36737,1
2251,3
31220,4
6756,4
50079,5
1304,4
16455,5
23386,5
12712,1
27767,3
3997,5
21886,3
48670,4
10365,1
7379,4
47103,3
6174,2
31064,1
1818,1
45940,1
31545,5
42839,5
45064,4
12806,5
22329,4
19585,1
5177,1
43373,3
8977,5
49227,5
38601,3
21014,2
8424,3
12878,5
47913,1
12996,2
26980,1
11110,1
40921,5
20374,4
23278,5
47376,2
45768,4
42360,3
9644,3
49707,4
38934,4
21937,2
43501,1
10844,3
34509,5
20671,1
584,1
44964,5
794,1
19139,1
39505,1
31777,5
13010,1
12062,1
49645,4
162,1
21769,4
26651,1
20726,1
37333,5
22967,5
33861,5
6607,3
31466,2
34646,5
37434,1
18030,1
44578,3
38918,4
3491,5
5935,3
5440,4
22185,4
41285,5
42990,5
4491,1
2783,3
34034,5
50357,5
4872,1
33599,2
2098,2
14326,2
42610,4
16637,5
27122,3
30455,1
49042,5
28336,5
28319,3
17561,5
16916,5
1354,1
21019,5
12880,5
33401,2
39664,5
34588,5
41140,1
39336,3
16618,3
6806,3
1995,3
31275,4
29991,3
1723,1
126,1
9457,4
48062,2
47368,3
47422,1
14231,1
16085,5
25484,1
50974,5
12838,3
31407,3
5103,1
8301,4
14153,2
15537,3
41270,3
34241,1
17161,5
40417,3
39833,1
36284,5
8246,5
18271,1
24602,5
2911,4
28671,3
40858,3
19981,4
44157,3
15558,5
46895,1
24896,5
30537,2
35365,5
10349,1
27577,2
36896,1
46765,1
41892,5
9660,1
2002,1
13954,1
20231,2
14991,1
40255,3
41467,5
50984,5
24532,5
11551,5
2547,1
2066,4
17661,5
45551,3
38471,3
10424,3
34851,5
35408,4
34142,5
49796,3
12668,5
2855,4
3983,5
43626,2
19741,3
34694,4
27213,3
50824,4
15952,3
12891,5
33267,2
43926,3
11818,2
44400,3
48586,2
5931,5
3543,5
24841,1
7504,2
8028,5
19870,5
48931,5
19568,1
6303,1
32301,5
15454,3
15587,3
27166,1
9884,1
27786,4
13649,5
833,1
37751,1
18312,1
26455,1
46450,1
11064,1
40896,5
45877,1
49058,4
16869,3
11744,5
8590,5
21780,4
29366,3
9558,5
48758,3
11443,5
49244,4
10493,5
17412,5
27716,1
49100,5
29156,5
19226,2
24882,1
1605,3
10040,1
8996,5
12841,5
38112,1
42102,5
5788,2
30922,4
29758,3
38267,3
6886,4
8819,4
40181,3
37952,2
8201,5
46678,2
28842,3
38233,4
13843,5
28013,5
45170,5
11445,3
29158,3
22118,1
3693,4
7696,5
30868,1
7524,5
46448,1
40735,5
23955,2
2498,1
18535,1
34642,4
51036,5
33652,3
9428,5
33568,1
38734,3
14322,5
38257,5
42110,4
43944,1
21225,5
30292,3
44105,1
47649,1
29837,4
20280,4
7265,3
5286,1
31234,5
31728,5
20227,4
44199,4
43745,4
24959,1
48429,4
41807,3
13889,5
38253,2
49997,4
31316,5
17330,4
3209,4
44736,3
7484,5
48300,4
16293,4
27277,1
5601,3
12308,2
46470,1
50913,5
7807,5
27865,2
38639,4
11829,1
226,1
7695,5
23296,5
42176,5
17222,5
24088,2
28328,1
8000,3
6172,3
50134,5
38417,2
13561,2
32337,5
41828,5
41225,5
18242,1
6374,1
48132,3
27232,4
2867,5
46178,3
10854,3
48057,4
31819,4
38057,1
16167,5
37184,1
22925,1
42040,5
47764,5
26526,2
28653,2
49446,1
48193,5
34455,5
50882,5
9149,5
13149,5
31393,3
405,1
12349,5
31236,3
25743,5
14920,3
2978,5
50289,5
15434,4
46360,1
17379,5
17856,4
22508,5
34164,4
3688,3
36121,2
16133,4
46149,1
37350,1
47992,2
14387,1
41872,5
47014,5
14592,1
30823,4
17062,5
29112,2
51012,5
4404,5
22786,5
4331,5
34786,5
12728,4
2696,5
36633,2
35822,5
43174,1
8950,5
48030,3
35338,5
20264,2
48955,4
14599,1
38076,4
7109,2
25684,3
7197,3
27757,2
28696,1
7850,5
35441,2
17375,5
11150,1
24404,5
33726,5
2492,1
8358,5
39339,1
26359,1
30193,4
18655,1
48893,5
37494,1
46194,2
37566,1
26824,1
34329,4
18306,3
22213,5
22507,5
29966,4
19893,3
10779,3
33095,4
3353,3
8789,4
32543,4
10847,1
51254,5
16875,2
20262,3
16628,5
4724,1
7689,5
17207,5
34145,5
50256,5
24758,1
47731,3
32902,5
46251,1
24884,1
50785,5
27791,4
30731,1
36728,1
7795,4
22983,5
7631,5
9178,5
13641,5
11582,1
44335,1
22258,4
43881,1
30542,1
39656,2
12828,4
18393,1
29024,1
17567,1
1107,4
36914,1
39482,1
2162,5
27592,1
47601,5
9611,5
44195,2
17914,2
32282,5
38951,4
44370,1
33001,4
23314,5
33773,5
46300,1
11847,4
14229,1
49718,4
8306,4
34489,5
17813,1
3609,5
16859,4
32628,2
20405,3
35417,5
35534,5
3142,5
15708,1
45194,5
41104,3
37243,3
21411,4
19100,3
10780,3
607,1
26717,1
43020,5
236,1
513,1
39279,4
14157,1
14378,1
9232,5
23375,5
32139,4
22345,3
35165,3
14334,1
29017,1
44001,1
39960,5
14620,1
4129,1
29027,3
41258,5
46814,1
36214,1
42514,5
8368,5
8752,5
32040,5
2795,5
42422,4
26012,3
7179,4
46730,1
35025,5
35155,2
40646,4
37672,1
28081,2
3144,5
8305,5
39077,3
12862,1
30639,4
46203,2
29252,4
50114,5
8287,1
12183,4
3190,4
1081,2
20888,1
28893,5
19415,4
14533,1
3875,1
42316,5
1860,4
8645,5
49240,5
7800,4
11746,4
30547,3
31302,4
18888,4
50393,5
30825,4
17838,2
13345,4
31113,1
27677,1
1549,1
38195,1
20187,2
25714,3
24816,3
33004,5
40290,3
22773,3
35471,5
17296,3
32001,4
37310,5
22650,5
22334,4
5461,3
15442,3
51070,5
118,1
24542,4
16248,5
31972,2
22015,5
48868,1
41576,4
27618,1
8594,5
7369,2
39080,2
10069,1
37440,2
38846,1
47811,4
25961,2
35345,5
25274,1
23715,1
48274,1
33066,1
1018,5
16669,4
23348,5
39271,4
48392,5
42041,5
11442,1
32172,4
40348,5
14019,2
3162,3
29187,4
18591,2
141,1
49210,5
20246,1
47887,1
22495,5
21820,5
44212,3
16940,3
48749,3
27174,1
39582,4
39085,3
25654,1
44169,4
10890,4
17420,3
12479,2
48615,2
29701,3
18461,2
28312,2
5964,2
7173,3
13545,2
31544,2
50052,5
33023,1
23106,5
45616,1
38650,3
3697,5
18133,1
27952,1
15942,2
12294,5
31996,4
49395,4
21584,1
36697,1
36986,1
49919,4
16562,3
8665,5
23394,5
29650,2
33013,3
2964,1
39371,2
16198,5
43052,4
3513,5
2114,1
37490,4
1970,2
14913,1
47073,1
8181,3
47388,5
49412,5
28092,2
20561,3
20656,1
11605,5
3432,5
30371,3
41982,4
33805,3
42450,1
23260,5
43714,5
28668,4
28097,2
25411,1
14292,1
26707,2
48539,2
33741,5
10223,1
11873,3
11929,5
36975,1
22578,5
10049,1
15182,4
6044,1
34579,5
2375,5
37590,5
29301,3
3333,4
17847,1
31232,1
16452,5
1779,3
14600,1
27021,2
39136,1
26964,2
25738,1
33563,4
43719,5
18267,1
30992,1
2416,4
48444,1
24059,2
33813,5
28089,1
34022,4
40971,5
3743,5
32279,3
1417,1
3885,5
13314,4
11790,5
3773,5
852,2
30248,1
12198,2
26345,3
18716,1
36811,2
26865,3
11415,2
36895,1
18288,1
13773,5
385,1
526,1
48547,3
36055,1
41948,5
29115,5
28214,5
15538,4
20322,4
20237,4
32451,5
3730,4
37511,4
38808,1
9882,1
19941,2
47809,4
44321,1
28834,1
6244,1
22562,5
8474,5
32213,5
17819,2
38242,3
40022,3
45828,1
34806,5
12653,4
950,1
32274,4
23200,5
10511,2
3896,5
11632,5
15964,1
6598,1
13713,5
10127,3
10277,2
1916,3
48157,1
5495,4
26438,3
32271,5
45658,1
30351,1
39347,1
43315,1
26742,1
21979,4
12930,3
35354,3
7843,5
31680,3
11481,2
50841,5
33098,3
4230,1
21095,4
21436,5
36305,4
30009,3
42917,5
44681,4
41884,5
35164,5
37593,1
3469,5
31035,4
20135,1
13901,5
33240,5
19884,3
33662,4
45781,1
46388,1
11082,4
39849,4
16832,5
30228,4
29415,1
2819,5
39328,1
8108,5
37360,1
46652,4
30897,5
46878,2
20247,4
44811,5
7613,3
32044,5
45388,5
31452,5
2111,2
21262,1
40759,5
34253,4
13123,5
30135,3
13459,5
27864,4
29997,3
34328,2
2204,3
22699,5
46351,1
6640,2
26916,2
25022,1
48066,3
33082,4
43961,3
34755,5
40265,1
12025,1
4661,3
49904,5
47606,4
47478,2
28142,1
42637,5
17157,5
6354,5
20552,3
33435,5
6132,1
40311,5
8520,5
7321,4
38053,2
39834,5
18100,1
8341,5
33131,5
13405,5
9255,5
47602,1
43044,5
35547,5
45327,5
6981,3
4383,1
39143,1
14712,1
32469,5
15481,1
10377,1
36517,1
2039,1
50520,1
22545,5
1721,2
32518,2
24898,1
43285,1
1676,1
45228,5
23946,1
41812,5
44000,5
20956,1
3075,5
1563,4
34596,5
10959,1
1395,3
32006,5
35339,5
699,1
5379,1
21586,1
30839,1
5829,1
3548,5
30816,2
7852,3
46680,4
45823,1
42441,5
19422,4
11674,1
8281,5
33731,5
43595,1
6006,1
30484,3
38369,5
14524,2
19952,1
48329,5
1644,1
14241,1
40616,3
28564,1
22013,5
12647,5
29968,3
7766,5
3876,5
14791,5
46948,3
29947,3
47032,1
7921,5
41929,5
12194,4
6025,3
8674,3
33128,3
25983,3
39284,1
1532,1
12235,4
13536,5
14827,1
45216,5
945,2
31351,1
7885,3
14521,1
8481,3
3471,5
43816,1
40614,5
41179,3
22068,5
17204,5
29501,2
35414,4
38973,2
16614,5
32325,4
768,1
15242,1
50244,5
22355,4
15851,3
49385,5
29029,3
29587,4
31930,1
50081,2
33188,3
23139,4
33833,5
42068,5
47892,2
30255,3
43837,1
29259,5
29435,5
